sample_id,split,derivatized,features_path,features_md5_hash
S0000,train,,train_features/S0000.csv,52ec6d6f8372500ab4e069b5fbdae6f9
S0001,train,,train_features/S0001.csv,348f90baed8a8189bf0d4c7b9ed9f965
S0002,train,1,train_features/S0002.csv,4686ad9bc3716966f63b6ff83d1d8324
S0003,train,,train_features/S0003.csv,de6b53605c5887967dc3661a3a711c2b
S0004,train,,train_features/S0004.csv,fbfd90092d10d15a5d6919327ddde2ab
S0005,train,,train_features/S0005.csv,5a4387022d7c34104d550636b31be476
S0006,train,,train_features/S0006.csv,56914e500f8664a437bdbd95c7ee4ea4
S0007,train,1,train_features/S0007.csv,5baaec419c2e431e25c2a1f4ae66a182
S0008,train,1,train_features/S0008.csv,69081bfff6eb58278f4da9143a4f2c89
S0009,train,1,train_features/S0009.csv,c2722bcf9bd810de2bb318db678d3024
S0010,train,,train_features/S0010.csv,0ac896d9baf3c592ed71ae80cbe431fd
S0011,train,,train_features/S0011.csv,b078b6e6c7e4cce5b5f3d7ea54080666
S0012,train,,train_features/S0012.csv,d326b1bf63c1a2a7761f19fc3279c161
S0013,train,,train_features/S0013.csv,af30571b4bb86ccb21b93c20876fa8ec
S0014,train,1,train_features/S0014.csv,30aedb175ec24556286f87b8f5162cec
S0015,train,,train_features/S0015.csv,dcaca45ab09f3a329f36907c8b79f804
S0016,train,,train_features/S0016.csv,42465620a09a8d5913529562c2a8bb6a
S0017,train,1,train_features/S0017.csv,377ca7aad3626f1f87735855adc6eec4
S0018,train,1,train_features/S0018.csv,5e1cd382b234698ee9e695334620418b
S0019,train,1,train_features/S0019.csv,8394549e0cd7e05a766957b27053909d
S0020,train,1,train_features/S0020.csv,85cf651b05f1047d53dfe4c6c0545294
S0021,train,,train_features/S0021.csv,99cefa85e0df70746214477d8464a7d9
S0022,train,,train_features/S0022.csv,dc0a8f3766c3860d945a4fbe962670d8
S0023,train,,train_features/S0023.csv,d33e34a9a96c42a19a7a81c3fdafad48
S0024,train,,train_features/S0024.csv,4fbad0c07d880764cea7fd3687d9e761
S0025,train,,train_features/S0025.csv,d516a5e4256c4f9585d75fa0fee9e2ae
S0026,train,1,train_features/S0026.csv,3d9959b844bf6a852083b1ea17f35018
S0027,train,1,train_features/S0027.csv,d78fef0b74f5f045b3d441c68aa0890f
S0028,train,1,train_features/S0028.csv,466d42f3bbb0c8352503fc5c62f972a8
S0029,train,,train_features/S0029.csv,b983e7298f634a47e739e702c08019f0
S0030,train,,train_features/S0030.csv,a59e89cbbe603c9486cb5eafadec3224
S0031,train,,train_features/S0031.csv,2903249ca20e257ffe6375440f44a125
S0032,train,,train_features/S0032.csv,b14fcbf8012c2320a2ec5afc536fbfd9
S0033,train,1,train_features/S0033.csv,3bb17a279c1f1ddbcdf4d1c394b39e20
S0034,train,,train_features/S0034.csv,6792515fdaf880413790e839cf792366
S0035,train,1,train_features/S0035.csv,d5fd02dc4c93196ba39ae8ca66ac92fc
S0036,train,1,train_features/S0036.csv,001e9f593dd411cf4c493ada845e11d5
S0037,train,1,train_features/S0037.csv,a3298e3c75be5667a95892aa88ab1e1a
S0038,train,,train_features/S0038.csv,4625f679c6db6e1a729aa4bbdada98d5
S0039,train,1,train_features/S0039.csv,7491a135abbf28aae7e7d0c80b816218
S0040,train,,train_features/S0040.csv,bac97d07276d1c42e31c3a4f84660271
S0041,train,,train_features/S0041.csv,53c0fb952e0aa401cc148af9f7c2062e
S0042,train,,train_features/S0042.csv,7927674b1a77487676280d37c3ba7476
S0043,train,1,train_features/S0043.csv,a85e6f96d77ae89154116d8fb242f96e
S0044,train,,train_features/S0044.csv,9c3f27d07f50d78588e8ba5593b3e83e
S0045,train,,train_features/S0045.csv,ff723860b7a37d31fa1048cf27a051f1
S0046,train,1,train_features/S0046.csv,4e603a182b4376531bd53d37ccea77d5
S0047,train,,train_features/S0047.csv,fec634992b2858b24360b5306d8907b7
S0048,train,,train_features/S0048.csv,41e0576230d0385baafe2a90957897d0
S0049,train,,train_features/S0049.csv,515d49e42703b76cc4c18726049566df
S0050,train,1,train_features/S0050.csv,c66c2c1b89e0beb9781edcc430f4d8de
S0051,train,,train_features/S0051.csv,5c67feb4750fac002313fb8a166b8ed6
S0052,train,,train_features/S0052.csv,50f807b9836c47ac020eff8051becdc3
S0053,train,,train_features/S0053.csv,c39f7f343bca60e85b2ec368e01bd196
S0054,train,,train_features/S0054.csv,a590dd87f858462664fa30525e6ecfe5
S0055,train,,train_features/S0055.csv,9417b824d2fcd7ee4951d2c475dadda5
S0056,train,1,train_features/S0056.csv,1a220b026bf5671b98979098ec8b6539
S0057,train,1,train_features/S0057.csv,b645b05fa9e9c315a8d3f99ffd9fe997
S0058,train,,train_features/S0058.csv,ea61201f8f63b9f8a117c8e3a91f7e03
S0059,train,,train_features/S0059.csv,7f9d664e77773f401c37ffb06a8a496c
S0060,train,1,train_features/S0060.csv,530d3e5784a6b41eef343a26afaeb936
S0061,train,,train_features/S0061.csv,9acaef669ca700180436a7807d34fdc5
S0062,train,1,train_features/S0062.csv,962a4b9cc984fb2de8d74061b2181edd
S0063,train,,train_features/S0063.csv,aeac54ac21285601f158cee23345a395
S0064,train,,train_features/S0064.csv,4d958b57ca218bd4f16649eeb36021a2
S0065,train,1,train_features/S0065.csv,b6a4b738729e62be3269e7434b8bee04
S0066,train,1,train_features/S0066.csv,c567575451ace263c6e6086e5e4cf74e
S0067,train,,train_features/S0067.csv,8685e1ce315fe4e776be2545c2850ffd
S0068,train,,train_features/S0068.csv,b690bb8efced4a868c3b8c498f368b04
S0069,train,,train_features/S0069.csv,577dc87fcc238f08d4429f8c88dcafbf
S0070,train,1,train_features/S0070.csv,4668b375bce4f5deb0cc8a75bd0b3318
S0071,train,,train_features/S0071.csv,99d71a586dcf819780146a2207511bec
S0072,train,,train_features/S0072.csv,bf12f865ed139be368d584ab5e1bb1f5
S0073,train,1,train_features/S0073.csv,e8661c1b3783dff8d326c34e0a9a5efa
S0074,train,,train_features/S0074.csv,d177775fa24838142ed724a6262634c1
S0075,train,,train_features/S0075.csv,9593b86cdff72448685a7e8952e7eba0
S0076,train,1,train_features/S0076.csv,464fe9217a6aa7fe26bc89c7fa49233d
S0077,train,1,train_features/S0077.csv,0479715ce018471c625c21381d83612a
S0078,train,,train_features/S0078.csv,67f4ea1820148d2a0477401a7a52fe5d
S0079,train,1,train_features/S0079.csv,f19db7c46fee88408969401e99539159
S0080,train,,train_features/S0080.csv,542e7307b1fc66d02d11ceaf01986b80
S0081,train,,train_features/S0081.csv,8dc97f6b046d7d111bf6f604db8fa9a7
S0082,train,1,train_features/S0082.csv,ef5b71237e587f5508b7844bb6a20331
S0083,train,,train_features/S0083.csv,01d3821cf086b2987dc839d490eef8d9
S0084,train,,train_features/S0084.csv,c42a26423a1f846306ae407f51011df5
S0085,train,1,train_features/S0085.csv,16d237382060aa1ac6a06adea745dfc3
S0086,train,1,train_features/S0086.csv,6e1f181f59b2662a963b17f87eaa66be
S0087,train,,train_features/S0087.csv,4920bad8c0f74480a745c6214b30358b
S0088,train,,train_features/S0088.csv,0864b4f4ef14e149d95b57dac39fd290
S0089,train,,train_features/S0089.csv,4cdb89dc48912ba454c06d991e3c3be6
S0090,train,,train_features/S0090.csv,cad5981a3d34fb74aae5aa66bfffff7f
S0091,train,,train_features/S0091.csv,6fba15404ecea999d032cc829084cf79
S0092,train,,train_features/S0092.csv,addc94d4fbd3b139fa644e8c38b6ea19
S0093,train,,train_features/S0093.csv,8a39972c468e1838aba48f56512e3cb6
S0094,train,,train_features/S0094.csv,b75ffd4693de1303fc07fa82b22b15a5
S0095,train,,train_features/S0095.csv,39e17b02baec7a334682232000350acc
S0096,train,,train_features/S0096.csv,471c6c113e72ab2eca01c1081637489a
S0097,train,,train_features/S0097.csv,3eb26e68a165df0b77cfafe6c32e9715
S0098,train,,train_features/S0098.csv,cfc8aaba1452e0b1defe4d5411c0b644
S0099,train,1,train_features/S0099.csv,6ffeda4d594e4a607cff0bf906adfb9b
S0100,train,,train_features/S0100.csv,b70333022e59f29cab3238fc2eeed65b
S0101,train,,train_features/S0101.csv,2d37777cd98916a15e9c915c9216cbd2
S0102,train,1,train_features/S0102.csv,8d93051825965a29f33edbf4b3dc1a1e
S0103,train,,train_features/S0103.csv,ebda8025f774733da6b814a4cfe469ef
S0104,train,,train_features/S0104.csv,4857305dcacebed22e5c4651aac62d0d
S0105,train,1,train_features/S0105.csv,25d797fb14fe838661740652d4dc30d9
S0106,train,,train_features/S0106.csv,2fac7f973d84e23d22d596535b871a54
S0107,train,,train_features/S0107.csv,ee7d688fa942997a404d7694e61e162e
S0108,train,,train_features/S0108.csv,ec3f839502301fdda9ab1dc8d7d38ae4
S0109,train,,train_features/S0109.csv,bfe305af899df9f6711b1da1ec709ca2
S0110,train,1,train_features/S0110.csv,fbd62a13e49f0ee361ec732d5ff75de8
S0111,train,,train_features/S0111.csv,74d51d303f6df62a604612e3f3fd4464
S0112,train,,train_features/S0112.csv,dea743e4b28e836d90aa9ccb1cbc99d9
S0113,train,,train_features/S0113.csv,ba71e300d424ed2abd86278763e1e76f
S0114,train,,train_features/S0114.csv,05430215bd6820855393f91ffba26908
S0115,train,,train_features/S0115.csv,9b48497d5d0a876e4204bc9e44e9d71b
S0116,train,,train_features/S0116.csv,409418d6d37ba104bb6fa136a18033fd
S0117,train,1,train_features/S0117.csv,23eeb6b6ca8bd65e03b99cad2842bd22
S0118,train,,train_features/S0118.csv,c96b154d8f4001c53f10d53785f8a9a4
S0119,train,1,train_features/S0119.csv,c6c1549ee49d559fdcafeea31758ab20
S0120,train,1,train_features/S0120.csv,d2bd3ee6257c1257b07c49ade3d4ccb6
S0121,train,1,train_features/S0121.csv,8c3d25a96073cefc6692be977a786ec2
S0122,train,1,train_features/S0122.csv,6d4ec3d8960ad471c799a4b9e9f573e2
S0123,train,,train_features/S0123.csv,1885b06ad554547de318de05bd92f8eb
S0124,train,,train_features/S0124.csv,ede8127e5b7977dbc832ee96299645a4
S0125,train,1,train_features/S0125.csv,fa0d1a9cc985d14d505b100b7b977227
S0126,train,,train_features/S0126.csv,465f6c9204e7598024fa97a1cda75dc2
S0127,train,,train_features/S0127.csv,a21ae9a3db8b823c4e0285236ad3527e
S0128,train,1,train_features/S0128.csv,d79ef7d616e90a8cca7e59fb6b0fed8e
S0129,train,,train_features/S0129.csv,97484687988b60a64838220f1821bf01
S0130,train,1,train_features/S0130.csv,96fa6ece6162005f161d63210107b58e
S0131,train,,train_features/S0131.csv,fdd6fcc25d30c2a50d9ebfad20e3a7c1
S0132,train,1,train_features/S0132.csv,8e3d1469afd09129f30631b11451c4f5
S0133,train,,train_features/S0133.csv,5d096a0262d6e690db956e40cd85b291
S0134,train,1,train_features/S0134.csv,8bf1130253a7b90e336e34e329675bae
S0135,train,,train_features/S0135.csv,5cd1efb2f72779cfac4d5472787cc7c5
S0136,train,,train_features/S0136.csv,8c4dc700c8056cdd2f298b2f3709797e
S0137,train,1,train_features/S0137.csv,536726f4ff688a3aa0b2e5a64ec56801
S0138,train,,train_features/S0138.csv,4b69851a8122718d943b7b7d0ec429b6
S0139,train,,train_features/S0139.csv,c3a7012aba162f22ca58bea342fc7ca8
S0140,train,,train_features/S0140.csv,edb945bdcf2981995edd8ec6fac8f817
S0141,train,,train_features/S0141.csv,4449f9e76bafc0519e6c16f1db62c7b1
S0142,train,1,train_features/S0142.csv,6aeab40f748ecb2d0c6cd8ee8fd0e701
S0143,train,,train_features/S0143.csv,f5804a5c32626a7697c554ab549f1268
S0144,train,,train_features/S0144.csv,6077614f32dc33ff00111b9e3d645274
S0145,train,1,train_features/S0145.csv,23b271567b0a8c8a2ca98473085e0584
S0146,train,,train_features/S0146.csv,843d248fce1d6440731f55c063796663
S0147,train,1,train_features/S0147.csv,b2a9702be87b22f305e1ef04a4344e4c
S0148,train,1,train_features/S0148.csv,099a6e48a5e201bf936bc6dc41af117d
S0149,train,1,train_features/S0149.csv,560ba01dca474f2433777f1e73af44f2
S0150,train,1,train_features/S0150.csv,2ca947c32c50de50b30121103053fb6b
S0151,train,,train_features/S0151.csv,918bd2ec0e4fe0305fc55ac92d5443ed
S0152,train,1,train_features/S0152.csv,810979d610e86d99ca74c29d9921f067
S0153,train,,train_features/S0153.csv,976ef3ac5ba70417fa80e6379e99bdc3
S0154,train,,train_features/S0154.csv,622b275a79b679212678d0b252d72002
S0155,train,,train_features/S0155.csv,2db2e879c0cce4b21d4e8fb6a6169a8f
S0156,train,,train_features/S0156.csv,01867b2bdb10d315421954493a7c5209
S0157,train,,train_features/S0157.csv,092d09c422dd78b1d58830a429a7dd69
S0158,train,,train_features/S0158.csv,d83169e72dd710ceea428a51e6377118
S0159,train,1,train_features/S0159.csv,729fd9266cfb53fbee63727db3cab52b
S0160,train,1,train_features/S0160.csv,9811e1c1c5f48535c46a09b5eb2e7841
S0161,train,1,train_features/S0161.csv,915e1c29a55cb07ea87da1eb83913e21
S0162,train,1,train_features/S0162.csv,f7eceb5ae102405f251a4ec1a0acba26
S0163,train,,train_features/S0163.csv,7b8f95425b1cd2ffd030a4ae4207add7
S0164,train,1,train_features/S0164.csv,017869f75f52eabb3706f775526fbbfd
S0165,train,1,train_features/S0165.csv,9fdd5c6955b3b1035d2c8ba46a6c6b06
S0166,train,1,train_features/S0166.csv,95b00d7fbf0d617db1fdfccbdc84bc5c
S0167,train,,train_features/S0167.csv,ab155b392be63ada9fd423376d582d21
S0168,train,,train_features/S0168.csv,10d9a112c1b45345511c4a82feb18db4
S0169,train,1,train_features/S0169.csv,f1537234b473669bcc14da0932517011
S0170,train,1,train_features/S0170.csv,5bf2a65091d6c22ba3aebbf5a169cee4
S0171,train,,train_features/S0171.csv,04fc317e00a6bf1284bcc781ffc9b106
S0172,train,,train_features/S0172.csv,e7ac1cb97af45b8139e377f0fff250c2
S0173,train,,train_features/S0173.csv,4826bac9b8bf82e70074ef54a23914d4
S0174,train,,train_features/S0174.csv,57315380672f25d65ba7a2c41e1a8a90
S0175,train,1,train_features/S0175.csv,58d5d392daf91b89932aa319846065cf
S0176,train,,train_features/S0176.csv,51c2cba32a6e34bef4b5ed7c4d4d8d2e
S0177,train,,train_features/S0177.csv,4a6fea20e54d2a0562131cd9793b3060
S0178,train,,train_features/S0178.csv,4db811331233fb10cc1d26edd59026f7
S0179,train,,train_features/S0179.csv,13612d553bd40c5b47f7d6fdad87de02
S0180,train,1,train_features/S0180.csv,16a9aeed536dccdc9617e000670bef1c
S0181,train,1,train_features/S0181.csv,2ccb01afae845b3ff9fc221258519ea4
S0182,train,1,train_features/S0182.csv,5816a775067db4160668681f13da58b3
S0183,train,,train_features/S0183.csv,307f44f1490ad7d816f7ce27cb73185d
S0184,train,,train_features/S0184.csv,fbb0e5b4e990ecc13a21ab6807789639
S0185,train,,train_features/S0185.csv,4e39566165075f4a12e7ad9dc5f85a0c
S0186,train,,train_features/S0186.csv,ff41c1b6351351564727dffe053a91b6
S0187,train,,train_features/S0187.csv,c1ea94e4bf908f5e5eaf7b54c7bf733a
S0188,train,,train_features/S0188.csv,ff9f1db1ef5f5a0e2c9ae92544b8c403
S0189,train,,train_features/S0189.csv,5c71058feb7878bd91636efc5f6b615c
S0190,train,,train_features/S0190.csv,42213c5a5e833d460b330bb9dd04dae7
S0191,train,1,train_features/S0191.csv,963cf5e6a9e532f661b7bbdbbec9dced
S0192,train,,train_features/S0192.csv,de0de7a3310d01d72223b4836480f144
S0193,train,,train_features/S0193.csv,8ce54f77bfa445ba3d358de741ebf09f
S0194,train,,train_features/S0194.csv,04376522d40ee04b6a698166ccc993c0
S0195,train,,train_features/S0195.csv,390295ddc21798a410eb090e8f9c42f0
S0196,train,1,train_features/S0196.csv,10d0680e1124216d311e05768be65c68
S0197,train,1,train_features/S0197.csv,582a082d1cca7835e19b544d0b2d5a58
S0198,train,1,train_features/S0198.csv,c89dd7ace6b06c2225a77e0e7edac882
S0199,train,,train_features/S0199.csv,51de136d51351ab42dd0ce175242248e
S0200,train,,train_features/S0200.csv,2f8be08ecc28f5834a23349ead4b5fef
S0201,train,,train_features/S0201.csv,5c6ab7a48c9d8afc5c08dc19f8ba3c47
S0202,train,,train_features/S0202.csv,f1691c68749f550abb4c87deb9da6b04
S0203,train,,train_features/S0203.csv,2c4bda608545cd302ff934223a7e3ec5
S0204,train,,train_features/S0204.csv,d7b476cb3e9c17ef96b3580eb4605829
S0205,train,,train_features/S0205.csv,9d0ba78a9ef0a02b2d91a305cece4b0c
S0206,train,,train_features/S0206.csv,8aee581694fd3b0d77193cb2eb2fc26b
S0207,train,1,train_features/S0207.csv,c1a6e3d70b78cae802fd8ab6dec24202
S0208,train,,train_features/S0208.csv,46aac2f742881ae1410fd1b60ebfe381
S0209,train,1,train_features/S0209.csv,464958612aa97f2474d2feb289e8c4e3
S0210,train,,train_features/S0210.csv,7dd291ae233794e8729260fc6f3726b6
S0211,train,,train_features/S0211.csv,b4f39bb1d107da74b9195d3deaeb74f4
S0212,train,,train_features/S0212.csv,71858e3a43d457f60456e4588af49545
S0213,train,,train_features/S0213.csv,d7e4df612841384f50239b71e72f8bad
S0214,train,,train_features/S0214.csv,35acb19bb1bdbd1301b4fc2a9ed205b5
S0215,train,1,train_features/S0215.csv,9c794516bdffb1968aeaa389ee26563b
S0216,train,,train_features/S0216.csv,e5b435b36608138733841c2b42aac4ea
S0217,train,,train_features/S0217.csv,a382925a07ccaf8ac1bb32f26f2cac5d
S0218,train,,train_features/S0218.csv,8f3ed11e56f9bcb5c87a12284965d61c
S0219,train,,train_features/S0219.csv,6af43892c5d88cf297deab9dec4b1652
S0220,train,,train_features/S0220.csv,23c7ce80815e982811f575c2d73c15f7
S0221,train,1,train_features/S0221.csv,d044391e5433e9abb83f54455ca92506
S0222,train,,train_features/S0222.csv,59f66b40ae57355ba9539693dac37ac5
S0223,train,,train_features/S0223.csv,9310f0d9ebe6319e9bd5256821b2dbc0
S0224,train,,train_features/S0224.csv,3380b5062d5ac5c992cffc03a874bc1f
S0225,train,1,train_features/S0225.csv,1c7367951d5f73628debf6ee89b42220
S0226,train,,train_features/S0226.csv,1526962d71df50d86c246e3423c8b6b9
S0227,train,,train_features/S0227.csv,78436d95166b08116277e4669bf0d351
S0228,train,1,train_features/S0228.csv,6588e85c1806f89751f88979030196ef
S0229,train,1,train_features/S0229.csv,a9206076ff5c19c7ee089a50cf314bc6
S0230,train,,train_features/S0230.csv,a53fabc8c249eaef60e527e3eaa25254
S0231,train,1,train_features/S0231.csv,f0987d7252f88bf9686943ae98d2b442
S0232,train,,train_features/S0232.csv,8cb7ca024947d286933afa346866fb37
S0233,train,,train_features/S0233.csv,5a750a01d8fe20ae156afdc1ad88edee
S0234,train,,train_features/S0234.csv,de4dea2656cacb3f58d3ef4814acc943
S0235,train,,train_features/S0235.csv,6d55ee5094327b50bdcfb0a0bafb3695
S0236,train,,train_features/S0236.csv,56054eaa1dd5a5e0e3759e466a70224f
S0237,train,,train_features/S0237.csv,b4ed861ace3f155326e33736060a9f24
S0238,train,,train_features/S0238.csv,e72499ee740eeb6a22f277078d3b3c0a
S0239,train,1,train_features/S0239.csv,c1366268dc688aabe4dbc41c0f6fc881
S0240,train,1,train_features/S0240.csv,f6706ea50c707f23e76991ad74c59f6b
S0241,train,,train_features/S0241.csv,c6b1808385d3267cfae621b823409f47
S0242,train,1,train_features/S0242.csv,bc002a96bef8d2fd49ce05fc25a40769
S0243,train,,train_features/S0243.csv,d739ff3b22099bad60df1ee3c3535520
S0244,train,1,train_features/S0244.csv,aa8eb5b87f0f0de2f0f242c3e3d2b524
S0245,train,,train_features/S0245.csv,ce827c91427d13f0db5737568587a5fd
S0246,train,,train_features/S0246.csv,95f9a0ca4e1d9d2283212d4556a0f1f1
S0247,train,,train_features/S0247.csv,1f9605b5934893a955fb8c4e4b89c1a4
S0248,train,,train_features/S0248.csv,70825e6a52126a34b42b0afcf12e2fe3
S0249,train,,train_features/S0249.csv,62a5a9dd63f130d3b643c5cf41b572d9
S0250,train,1,train_features/S0250.csv,ddb60f20bc57aef19bde28f1876f6b4a
S0251,train,,train_features/S0251.csv,490253f3620170874b3c8a054cd9b377
S0252,train,,train_features/S0252.csv,ad7ca925cac29112c16558b74815f745
S0253,train,,train_features/S0253.csv,51c3fd2f8fa31bf148e2b24740dfe2f8
S0254,train,,train_features/S0254.csv,3a792aa6beee3917e158bf0bf63bf2fc
S0255,train,1,train_features/S0255.csv,bd99254af5ac9582073ebf4f7e075698
S0256,train,,train_features/S0256.csv,e4007a0adf17baf43b1a58f0a2d0291a
S0257,train,,train_features/S0257.csv,1504ceb8ca9b007e0a24cf2b80c622b2
S0258,train,1,train_features/S0258.csv,09e18c1965c946b5975d9daee17d8e8c
S0259,train,,train_features/S0259.csv,b8e01bc40a41563adc4d3effa5ad4c6e
S0260,train,,train_features/S0260.csv,b784ac3aef262cf38a7f8df9e40118e1
S0261,train,,train_features/S0261.csv,79a40266dba41466286c615390b462c8
S0262,train,,train_features/S0262.csv,26efed60e06edb8123a1e9ee6aa0ff70
S0263,train,,train_features/S0263.csv,5a3b46602f68859095a665e7d8833308
S0264,train,,train_features/S0264.csv,53871f99249e2e5caebfde2c471933cc
S0265,train,,train_features/S0265.csv,ac61ee34724f23267d9c0e9faa7a8f7a
S0266,train,,train_features/S0266.csv,0bf4e81d80407bb11a9492e9a9879f1e
S0267,train,,train_features/S0267.csv,6237a5be6669e2de2f7aacc88c204a69
S0268,train,,train_features/S0268.csv,cc3c10c65d04b1f47c3c7761e6ab1f35
S0269,train,,train_features/S0269.csv,9fc7734b30d516cb4aa4aca1e176f359
S0270,train,,train_features/S0270.csv,cec9b39d3e35924e87bf646d1058e451
S0271,train,,train_features/S0271.csv,e8a2351aa0a6466aa9c3c311b56f897f
S0272,train,,train_features/S0272.csv,d514672b8560250f721bb05160ab479d
S0273,train,,train_features/S0273.csv,d95cd57441f349fddbbdcceb3d06238b
S0274,train,,train_features/S0274.csv,15834f1bdc2969588f276794f378cea3
S0275,train,,train_features/S0275.csv,a8519fcf0f743fb91740f2a1611e2c14
S0276,train,,train_features/S0276.csv,18efa7cd15672c6eeefb814f318b9463
S0277,train,,train_features/S0277.csv,ebacc8459e79e7e2589422263258aa3e
S0278,train,,train_features/S0278.csv,9402233fc913339215eb5e96abb74f43
S0279,train,,train_features/S0279.csv,9d539d7a1be9440b7a673e31e218c13e
S0280,train,,train_features/S0280.csv,2b00d5aa6c0fba97bab5e212a56ad176
S0281,train,,train_features/S0281.csv,cb6812bcf6ec6b595c0db340dc7acd7b
S0282,train,,train_features/S0282.csv,ec4b5808d1681751dde9da7e488a7979
S0283,train,1,train_features/S0283.csv,64bcd7db4843283b69b1f9edd46976dd
S0284,train,,train_features/S0284.csv,2eb776e2d4291cba5810624ab261f7c9
S0285,train,1,train_features/S0285.csv,73fde5bc6d82c8f5b4af6aa200dc228a
S0286,train,,train_features/S0286.csv,5482eafa9433422e7788a40a01d746b9
S0287,train,1,train_features/S0287.csv,349a03ac085ca9d4394da2b07d2d6703
S0288,train,1,train_features/S0288.csv,42174d2708b5cd1666b14b42ab011636
S0289,train,,train_features/S0289.csv,3b875f47cd9090e873714214e9f9af3a
S0290,train,1,train_features/S0290.csv,aa8ee9402d6131aa31b72686953c7535
S0291,train,,train_features/S0291.csv,62c11093ed965e20ac3a2313c97a55b1
S0292,train,,train_features/S0292.csv,a6b83fe3f166e8a44f9585513750ebcc
S0293,train,,train_features/S0293.csv,ada421afa847ae31b8e54fed4c6b30a8
S0294,train,1,train_features/S0294.csv,aacbac74a24135e7cc535cfa27a82606
S0295,train,1,train_features/S0295.csv,39d8aa60bc7e713ef76be61748b87a30
S0296,train,1,train_features/S0296.csv,ac8a8f6414ad61d2dc4373606862f29d
S0297,train,1,train_features/S0297.csv,a093621d1fbfc4ae75586c6b1450862b
S0298,train,,train_features/S0298.csv,23f2a3a2bd1c0a1a36b6b132a73004ef
S0299,train,1,train_features/S0299.csv,62d354758b1041e2e868560597d60626
S0300,train,,train_features/S0300.csv,17422b7472c4eba19ef1d69c4805462d
S0301,train,,train_features/S0301.csv,dee8d4a8303bc8f90a44730451c0f288
S0302,train,1,train_features/S0302.csv,23ea0f5a6c58e5241359c9a8de738a65
S0303,train,,train_features/S0303.csv,cef0a2da785b342486a3d55bb7cea7cd
S0304,train,,train_features/S0304.csv,9bfe1e25e4504928e180911fb92beba8
S0305,train,,train_features/S0305.csv,ea455d7fd8d01b4e327ce4f910083647
S0306,train,1,train_features/S0306.csv,bc00fe7f38800b1ea75665d2caf39bca
S0307,train,,train_features/S0307.csv,46824e24729f04203dbd8c6387f585d0
S0308,train,1,train_features/S0308.csv,84e865337ddf9a76a78d0aa38607b64c
S0309,train,,train_features/S0309.csv,5dac7c9a33bd791815596d7db0435b10
S0310,train,1,train_features/S0310.csv,3f226379af2941cc2757993a8c1e32aa
S0311,train,1,train_features/S0311.csv,0f757e09bbb169a5a4afc92e242dd599
S0312,train,1,train_features/S0312.csv,4cf719ab8b61cba8e3c09275327c35fa
S0313,train,1,train_features/S0313.csv,d4027863d7cf07531e82965152dda174
S0314,train,,train_features/S0314.csv,fdb71c3f5971a72169b7350e9ad54998
S0315,train,,train_features/S0315.csv,9921c5d132adf3ada4c1196b1002d46d
S0316,train,,train_features/S0316.csv,81c6444b966309a9fae5d50e6515968f
S0317,train,,train_features/S0317.csv,f0804069f33f562c12eaea6868d72cbb
S0318,train,,train_features/S0318.csv,d80a29538ccd6c00d0ec27ccc0018b60
S0319,train,,train_features/S0319.csv,4e2706365013398eb499c3eb704e70c5
S0320,train,1,train_features/S0320.csv,c947165b72d66ace2288354a9e07aaaa
S0321,train,,train_features/S0321.csv,bcdf71813675575d4578a3acdf2e90b3
S0322,train,1,train_features/S0322.csv,05c16c3b9a400d444ca222bf3766a58e
S0323,train,1,train_features/S0323.csv,86fbf22bad28f5fb588b284a7a81fcc9
S0324,train,,train_features/S0324.csv,4aa16e5f59b5b2d2032cf777507bbe1e
S0325,train,,train_features/S0325.csv,286a98e6deb041d6511eaee041f21eeb
S0326,train,,train_features/S0326.csv,68cf12507238f5ed8601454b4d6c53e5
S0327,train,,train_features/S0327.csv,ec28e14a8e74bbc227c1844867406ab1
S0328,train,1,train_features/S0328.csv,e2bbdc6f1104d4341d7f30e81cbc2d11
S0329,train,,train_features/S0329.csv,615da14bce14f9b9f1ab47d9d0d3edb8
S0330,train,,train_features/S0330.csv,29a6259db26e84ab3351058273984a45
S0331,train,,train_features/S0331.csv,1f4c3eaf1c94d6067cc5056b9e3a928e
S0332,train,,train_features/S0332.csv,c010e0fe50d3688b00a9f410fe28aef3
S0333,train,,train_features/S0333.csv,4123d7c2ae7858b173f38cd76341019f
S0334,train,,train_features/S0334.csv,526b90eeb30d74f7b75240cbd1cf3cda
S0335,train,1,train_features/S0335.csv,e97381bbc4bae4ec460ce79e86b3524d
S0336,train,,train_features/S0336.csv,a6e968e884ac61d9f3ca5314103f5bca
S0337,train,,train_features/S0337.csv,b6cbda39355a9a3425a55a4e68e45763
S0338,train,,train_features/S0338.csv,bddc071087cfd91ab80e00d15b7ec9ef
S0339,train,1,train_features/S0339.csv,6b007ce4b7dc6825955808ca2fc41dbf
S0340,train,1,train_features/S0340.csv,95b391c95f437dabb6389e3e978cace0
S0341,train,,train_features/S0341.csv,7a70f7bf5b7761fe61beba0ae746504d
S0342,train,,train_features/S0342.csv,16923103e8f067496e2c80dfb0ff6efe
S0343,train,,train_features/S0343.csv,63b01afb79e77fb2faca20286353fb06
S0344,train,1,train_features/S0344.csv,da93cd0322f3c829daadec15e617dda8
S0345,train,1,train_features/S0345.csv,d603c8f2e0d8a6cfb1d8310e68a15bc7
S0346,train,,train_features/S0346.csv,f972cf4be78f0ffadb8634ec6247e229
S0347,train,1,train_features/S0347.csv,e5155b8949da46cd1f916ea32b11033a
S0348,train,,train_features/S0348.csv,b02b8ed947db53723c0c9a137a089a53
S0349,train,,train_features/S0349.csv,110985d06896b9890e45562f733918ff
S0350,train,,train_features/S0350.csv,cca862546e350f25c3006835d4cf5630
S0351,train,,train_features/S0351.csv,428ee3d4b0862c8545c610d5e30478db
S0352,train,,train_features/S0352.csv,8f0345f6366281d20861eedfc04b1e67
S0353,train,,train_features/S0353.csv,480f6eecef7afca1396181e5f3355a15
S0354,train,,train_features/S0354.csv,4bb6f549658e00342be4282870591115
S0355,train,,train_features/S0355.csv,bc4bad0a6e9d37205aa778188421e28f
S0356,train,,train_features/S0356.csv,265a6c8a892a198bab9e7601b91d7d6d
S0357,train,,train_features/S0357.csv,d1cee34c5de6f6001a9c298ccee06da4
S0358,train,,train_features/S0358.csv,1e35d212cf757164a2a836a8f2cf3624
S0359,train,,train_features/S0359.csv,5279db21611f459591756eaaf2dac93c
S0360,train,,train_features/S0360.csv,5c820bd32f34b562374a043493db1baa
S0361,train,,train_features/S0361.csv,8bd61eb86ef280835e9c816c0bb7bfad
S0362,train,,train_features/S0362.csv,947000822efa1dc6bc7d149a190d69f1
S0363,train,,train_features/S0363.csv,4082af05b364c2eed7b7325a86bf8fb4
S0364,train,,train_features/S0364.csv,1d4cfe001161d88f9bfbaa8b5cd4d4c0
S0365,train,,train_features/S0365.csv,c216eec687f6476ffe694e2d0d7c97d5
S0366,train,,train_features/S0366.csv,c652feebf5cca5a8ae826cbb491a0bc4
S0367,train,,train_features/S0367.csv,3602ed3fccef3078e7655873be9e527b
S0368,train,,train_features/S0368.csv,6fe055420678a1ab8ab39857ee9301f7
S0369,train,,train_features/S0369.csv,28ac53f5e464e1c738456bc785a12bba
S0370,train,,train_features/S0370.csv,ee50468b4886b3f1c171703112eb1297
S0371,train,,train_features/S0371.csv,de73cec072aa8700e97ae6df75b4dd71
S0372,train,,train_features/S0372.csv,53af95d2185a408aa4f28ee976c5131d
S0373,train,,train_features/S0373.csv,8747b14e41cbd56ad37142ec031a74f8
S0374,train,,train_features/S0374.csv,ea28d8c8ffd99da7d8f8c6b9abc69f56
S0375,train,,train_features/S0375.csv,33b4e082e99dcea33e946ea9c92f8170
S0376,train,1,train_features/S0376.csv,da205c34477dc7f7065c500b7dc36344
S0377,train,1,train_features/S0377.csv,0ad532a47176dc3a167b56b92e06a769
S0378,train,1,train_features/S0378.csv,f2fc893aa1a810d357243b54a0f3fcac
S0379,train,1,train_features/S0379.csv,c7843876b47b764c9b9e4df3a5e0d116
S0380,train,1,train_features/S0380.csv,224c46d690504879e72f5d655c0ccf0c
S0381,train,,train_features/S0381.csv,095873c15960d6615851ab211c25bcea
S0382,train,,train_features/S0382.csv,07835acfa52fd65b4c2c6322da2d1e98
S0383,train,,train_features/S0383.csv,ed57e64022a1d36c8996e5cd4756ac8c
S0384,train,,train_features/S0384.csv,bb1f3e4da1ae7784a3107c0239190601
S0385,train,,train_features/S0385.csv,5c673d91026882f11f7622b1aad031f6
S0386,train,,train_features/S0386.csv,2a5024f7e6612791cdb6db0f47b2936f
S0387,train,1,train_features/S0387.csv,97738c5ff96846655afc7967a09198b2
S0388,train,,train_features/S0388.csv,f3c00b17c0ae72e8ab45444cd2551630
S0389,train,,train_features/S0389.csv,68e5b5f24c3031b223cc13c0a9dc2810
S0390,train,,train_features/S0390.csv,fcc935e3dc3ac6a1ef35341bf1290dd8
S0391,train,,train_features/S0391.csv,7e4b0cc564df6744352404475fc398ee
S0392,train,1,train_features/S0392.csv,f6b4599699639e0534039096b51d8e8b
S0393,train,,train_features/S0393.csv,8e39c04d2d600d9c457225ba852c179b
S0394,train,,train_features/S0394.csv,68a8240aaafa6cf6d189263fd5d62263
S0395,train,,train_features/S0395.csv,5c87a194036445ae0355c375e280d86b
S0396,train,1,train_features/S0396.csv,d28add7749781211b7e519a44d724708
S0397,train,,train_features/S0397.csv,c293c752a236096123feb789051584fb
S0398,train,,train_features/S0398.csv,72f7997d3c8f664a7caa5e2c0e4e2d0a
S0399,train,,train_features/S0399.csv,6904efea9694745722e27ea33b3d6753
S0400,train,,train_features/S0400.csv,ebfcd05e51f3f59c69d577018db5961c
S0401,train,1,train_features/S0401.csv,4d27e023b90d6617aca95b1a6cc826d7
S0402,train,,train_features/S0402.csv,28f02624b89347f8ffc138da5e475f9a
S0403,train,,train_features/S0403.csv,c20e13e3bebbdf499683cd7532018798
S0404,train,,train_features/S0404.csv,7cbb42afd9d84399f5a65dabb7d728a7
S0405,train,,train_features/S0405.csv,640f4d3e891d39ff2c695d7fe32f6e0a
S0406,train,,train_features/S0406.csv,1e5c78f642eece05cb8c9c769fa36634
S0407,train,,train_features/S0407.csv,e93cd1ee9f056cbb00e422e164dfc74c
S0408,train,,train_features/S0408.csv,9a494fbf5e1710729e222b44610701af
S0409,train,,train_features/S0409.csv,fc9c8613f82e08b9b955633a0dcebe1a
S0410,train,1,train_features/S0410.csv,2798ebcad536fcf5f1872bcc5c4a5dba
S0411,train,,train_features/S0411.csv,1932517f9c316289a08696bbf2e99d89
S0412,train,,train_features/S0412.csv,e9bf2066a7acb5f679c9850de5bbf3f4
S0413,train,1,train_features/S0413.csv,cb023a9f14be32e2c9977a5608823d49
S0414,train,,train_features/S0414.csv,fee3755c7fe31ef544114cb786aacf54
S0415,train,,train_features/S0415.csv,e1ef9f740ea3151dedd770552363a1f1
S0416,train,1,train_features/S0416.csv,936e4b31f93cc792407edc877b3eb01b
S0417,train,1,train_features/S0417.csv,18ecffae0a465ea96bace7a9e2d1824b
S0418,train,1,train_features/S0418.csv,83a7997e67fe3fb36d332494948b791a
S0419,train,1,train_features/S0419.csv,4f3716912945af875072fa4d1ad2be3d
S0420,train,,train_features/S0420.csv,130c080fb4ad62b9b1d9725fd7e76164
S0421,train,1,train_features/S0421.csv,696a50dd7eec34eb5c35310609b10b13
S0422,train,,train_features/S0422.csv,dc5385ceac69812cbf5af0e4af1181c6
S0423,train,,train_features/S0423.csv,56afbd9a86476b945c22320570638ad1
S0424,train,,train_features/S0424.csv,260f76790cfd7a4012ca3d563b0e443a
S0425,train,,train_features/S0425.csv,648c7c7f849028f7ac5fb76022787945
S0426,train,,train_features/S0426.csv,384d3280efa8ee0162108646138a45d0
S0427,train,,train_features/S0427.csv,c19b1aa44131dac4e281fbb3b78cccd8
S0428,train,,train_features/S0428.csv,a0a933aff1e5ca2335f1ea2ed321ed8c
S0429,train,1,train_features/S0429.csv,a4828b66d6564a97bb5248efcac3b014
S0430,train,,train_features/S0430.csv,0df08be9474d48c98a251fa873ed742d
S0431,train,,train_features/S0431.csv,52b1e76840acbabdf3817612145ca8ba
S0432,train,,train_features/S0432.csv,2e4b80ab4fa86090458282aa4e1ff50d
S0433,train,1,train_features/S0433.csv,2f37e11db6ee610588924e7683e2650f
S0434,train,,train_features/S0434.csv,9a75c8ac9f47c587ec404848d6f1d3cd
S0435,train,,train_features/S0435.csv,2453e1432712f6703649645513ea0d98
S0436,train,,train_features/S0436.csv,2d5f2887ff3971360609ae9e1ffe352d
S0437,train,,train_features/S0437.csv,8c7d2b82bef1170077431b18b815083e
S0438,train,1,train_features/S0438.csv,eacda8a17793cdbb161085289a5b51b6
S0439,train,1,train_features/S0439.csv,a981b146ca45472d2816a34dd7464a94
S0440,train,,train_features/S0440.csv,43ab3760b111fc1529c05532489170fe
S0441,train,,train_features/S0441.csv,52388e3d17a926809fc1858f218de905
S0442,train,,train_features/S0442.csv,703f9a72af175852cec115b92c043262
S0443,train,,train_features/S0443.csv,ef798eba269ed89197a9fe1add2e113c
S0444,train,,train_features/S0444.csv,ba3463bcaf46edde5740ede019d00ca1
S0445,train,,train_features/S0445.csv,d90da7b40c25da7b8f3702aaded8053c
S0446,train,1,train_features/S0446.csv,8fca7b33af5a04a4253216c0a4e66520
S0447,train,1,train_features/S0447.csv,e65d86b06badf8d02793fcae7be71a02
S0448,train,1,train_features/S0448.csv,88be656628557eddd51c8e10eab89e27
S0449,train,,train_features/S0449.csv,fc83c031669a3e6208f88bde0ce7a905
S0450,train,,train_features/S0450.csv,6702bd118c65caf70b70992fdcf76388
S0451,train,1,train_features/S0451.csv,e3fafe02081801ebf4cf96a41761c228
S0452,train,,train_features/S0452.csv,80adc966b997c21eec9b2e2cdc6f5c18
S0453,train,1,train_features/S0453.csv,a789685df189478b092490657a05faf6
S0454,train,1,train_features/S0454.csv,e8513d599107ced649c7eadc84e1bf89
S0455,train,1,train_features/S0455.csv,e009097eb0f0a9a68b2694acb49b4d6b
S0456,train,1,train_features/S0456.csv,34b3c298329250a731b9f4ede6241112
S0457,train,,train_features/S0457.csv,ada510d765ed39d5713160818c17d9f7
S0458,train,,train_features/S0458.csv,b10ef89cd8d7f403cd9cdcdade9cf986
S0459,train,1,train_features/S0459.csv,3190ba92548f069ae283ded9203e257c
S0460,train,1,train_features/S0460.csv,acbb761df2b5b990e7a95a79f4d3b38a
S0461,train,1,train_features/S0461.csv,357571697601c974d8e724bc84af5817
S0462,train,,train_features/S0462.csv,b93c2bda0b17551b45a717ae2762f827
S0463,train,,train_features/S0463.csv,d66aa1f08f91bc883725c6bf393eae91
S0464,train,,train_features/S0464.csv,51e54d2977ca824976c1c89da7ac3b71
S0465,train,,train_features/S0465.csv,3bbddc60f2345d0e99970d77afe2668e
S0466,train,,train_features/S0466.csv,2b1ebe4c010d67be16ae518b20aa74ab
S0467,train,,train_features/S0467.csv,2d09fdd203356d91da19f3257ccf1c0c
S0468,train,,train_features/S0468.csv,b736025193c200c2dc4dc4bda8fd7d1d
S0469,train,1,train_features/S0469.csv,706532b7c5ec9861f3d2d8065c5ededd
S0470,train,,train_features/S0470.csv,70e9f00654b178621b003af094d8dd80
S0471,train,,train_features/S0471.csv,f8883ef418f83795fd622fd418a1e7d3
S0472,train,,train_features/S0472.csv,807062b736c9b956689eda21e0de8e57
S0473,train,,train_features/S0473.csv,e521623c2a35ed3d82fbb808d59652f6
S0474,train,,train_features/S0474.csv,aafc391f3fcf3fc9017b4755aef7875a
S0475,train,1,train_features/S0475.csv,d2331dc19131a8fc1e5e908d01177350
S0476,train,,train_features/S0476.csv,1f02a38918b7a54c8285413cd583ef87
S0477,train,,train_features/S0477.csv,decf0b3f28306b28e1cf2ced91a541c6
S0478,train,,train_features/S0478.csv,9cb7c673b01e907f50d7b9380febaa66
S0479,train,,train_features/S0479.csv,89907a67c0273822a792b7d4ebd19d5e
S0480,train,,train_features/S0480.csv,32f2657623250d862f9e4e524a2b8afa
S0481,train,,train_features/S0481.csv,ba0783a6819cbee17b00db80d226fd52
S0482,train,,train_features/S0482.csv,d1151fac1795d6a8c3dba3b0f4217ff2
S0483,train,,train_features/S0483.csv,4606e9daf972db5e48cb0212fc82ea28
S0484,train,,train_features/S0484.csv,dea37a6edad4a3e110549301e6ed74d7
S0485,train,1,train_features/S0485.csv,066445abbdd15e16071460950933b196
S0486,train,,train_features/S0486.csv,edde8ba0e1edcd12a0b77f423673f057
S0487,train,,train_features/S0487.csv,0d10c091528d5e266fd4a62a77b10858
S0488,train,,train_features/S0488.csv,b70744b437b29e606f95ccf1475e459e
S0489,train,,train_features/S0489.csv,46347989ea7321eb8433674d66c10d79
S0490,train,,train_features/S0490.csv,0cbfdb148fabeb38497b2e1251b9af51
S0491,train,1,train_features/S0491.csv,8fb461015fa056db0a941e1e15f90084
S0492,train,1,train_features/S0492.csv,4c37a784a7b327dfe07f12526d538e1d
S0493,train,,train_features/S0493.csv,72dca33deda0bf75f8fb5c412985ac8d
S0494,train,,train_features/S0494.csv,41d17d39b3e03c0c8b384d41c079591d
S0495,train,,train_features/S0495.csv,4b812936577aaf41f3b6a04373288d21
S0496,train,,train_features/S0496.csv,1735e8ec23aeb9908cb60d9019518662
S0497,train,,train_features/S0497.csv,5eda6f14eeb5eefd94a390be7b4e2299
S0498,train,,train_features/S0498.csv,866abcfeedd5aaba0726d48829c1cec7
S0499,train,,train_features/S0499.csv,7f86acaaf575d09742882a22247f052f
S0500,train,1,train_features/S0500.csv,fbd569aebdf77bf61d3562306f859b4c
S0501,train,1,train_features/S0501.csv,45979e4c17e27bf008ad89ff53cdc73b
S0502,train,,train_features/S0502.csv,6aed9f2fcefdb4c425468ee0612f97a4
S0503,train,,train_features/S0503.csv,ce2ad9df7bd8d5ad3c148f0ef2521f5d
S0504,train,1,train_features/S0504.csv,4ce949e778945b9e785b902de19c979f
S0505,train,,train_features/S0505.csv,d59cef0463262276c6a7e699dd6b7846
S0506,train,,train_features/S0506.csv,a67e681f2b6f6254d3f0c466deaed558
S0507,train,,train_features/S0507.csv,2f3acc6c05ab4936f7a03ad1cc1dd7ae
S0508,train,1,train_features/S0508.csv,f0db388ef49d12a7d7e418eb3eb81fd4
S0509,train,1,train_features/S0509.csv,4f6fb75bbf336c8564a25dc679b393d4
S0510,train,1,train_features/S0510.csv,d3d0497273d6910ecb8b865643df7ed2
S0511,train,,train_features/S0511.csv,b3fe061fb1cbe133d039f6d47915dbfa
S0512,train,1,train_features/S0512.csv,b7b218b8cfa5f7c72152a6e4dec497f6
S0513,train,1,train_features/S0513.csv,e0ac1a0e6829f9f238b3696046092b0d
S0514,train,1,train_features/S0514.csv,8e0931f283bf88187a3e66dbf0c3d935
S0515,train,,train_features/S0515.csv,3151639badf987305058f4a0e6024756
S0516,train,,train_features/S0516.csv,6efd465ae22e1085ff808f18b0e9fe68
S0517,train,,train_features/S0517.csv,8e75015c7e03d691514060aeb9400eff
S0518,train,1,train_features/S0518.csv,4040785cdfff293e03539221d55fb9fa
S0519,train,1,train_features/S0519.csv,0247b538c67da0d696958d744f314968
S0520,train,1,train_features/S0520.csv,38901cba0ee1c88e29b71ab906e81f03
S0521,train,1,train_features/S0521.csv,19a960430e93f3aac5314114e14e801d
S0522,train,,train_features/S0522.csv,ffb17fe3b92e8321ca0a34a278586a24
S0523,train,1,train_features/S0523.csv,65ba2831172c3ddb5b829c3c140bd71e
S0524,train,,train_features/S0524.csv,b1750cbf0475b0d52e769ddec2be9d80
S0525,train,,train_features/S0525.csv,8c4e1b50b26793637e567035de4bdf57
S0526,train,1,train_features/S0526.csv,5498c980d4adc4b29d86e47c04f7cc2f
S0527,train,,train_features/S0527.csv,6f0738be9f178dc8db2007a6771d9d0a
S0528,train,,train_features/S0528.csv,65ba86b95e492acc739be53dd9480d1f
S0529,train,1,train_features/S0529.csv,426e8089bbc906158c74d40259d58384
S0530,train,1,train_features/S0530.csv,c7ca261e2f3d4e1ab2301c97a40bbc1e
S0531,train,,train_features/S0531.csv,748bb7b2f7c0d51b99d1350ab5f8a4ff
S0532,train,1,train_features/S0532.csv,43736c186823e505fea65dfc3c9db9fa
S0533,train,,train_features/S0533.csv,df91600344b2a3980f62fb54a857e97d
S0534,train,,train_features/S0534.csv,465fb2524f6fbfc797ecdd75fe89aa62
S0535,train,,train_features/S0535.csv,7fd011d9ffaad6bbe05a591f4afc3b10
S0536,train,,train_features/S0536.csv,e5252b0f3db60147bfefe920f3ce9d77
S0537,train,,train_features/S0537.csv,5aaf79a95aa8827317e6ef71a357088f
S0538,train,1,train_features/S0538.csv,8d4d85084ffede1c61f9d3114fb49227
S0539,train,,train_features/S0539.csv,25c5a5235c64b76b0af53b816fd82b7f
S0540,train,,train_features/S0540.csv,c0dd791087ad178a856efef4d958ee0a
S0541,train,,train_features/S0541.csv,849a7f0bcba0e53a68443685e9ed8745
S0542,train,,train_features/S0542.csv,a894fe1ae5e92bc042bfa8cf1b8be7a7
S0543,train,1,train_features/S0543.csv,c8ddc644434c0452b9af5f9453a72a9d
S0544,train,1,train_features/S0544.csv,ede088497aec4acc7f50dee546c07fdc
S0545,train,,train_features/S0545.csv,57bd5173e86696730c85231ef8ac95d2
S0546,train,1,train_features/S0546.csv,d0f0bbbd3c5658e4af9692519a03fae0
S0547,train,1,train_features/S0547.csv,e07ebcc040a7686385b362b6d068378f
S0548,train,,train_features/S0548.csv,2e4fe1b5282e4e87aedffdbee4e03091
S0549,train,,train_features/S0549.csv,987471ac1c93dae297e0e536a39cc512
S0550,train,,train_features/S0550.csv,7c9fe246fb6c1777215ea2aba6076186
S0551,train,1,train_features/S0551.csv,125bd12522bf59e412cdbf62b1e9ff20
S0552,train,1,train_features/S0552.csv,f790f0d2e6ac01f909556276414e451a
S0553,train,,train_features/S0553.csv,47107cdf38e0dbeeae9c61140e17a521
S0554,train,1,train_features/S0554.csv,f1caf6304b3a3d305cb32a97a532a189
S0555,train,,train_features/S0555.csv,7b1c594817a85c30bcb31141cca09e7b
S0556,train,1,train_features/S0556.csv,8f876827ed141115b7e9879cd32cf8b4
S0557,train,1,train_features/S0557.csv,041085991d0ead8ddfc4a98eda0d5681
S0558,train,,train_features/S0558.csv,155022d8ab6cc7b341821d3ac694da99
S0559,train,,train_features/S0559.csv,6b56f97b4e1a0815654afbc33f724a45
S0560,train,,train_features/S0560.csv,91732177d3e4c8ec8abc70bf8052ecdd
S0561,train,,train_features/S0561.csv,ea6b128abe3eeeba5212473bd8c0fc7e
S0562,train,,train_features/S0562.csv,c5074d894294823e8d92b0bfe57d6649
S0563,train,,train_features/S0563.csv,3a9c2e70ae2944df818cf9f81c48cdb0
S0564,train,1,train_features/S0564.csv,6b7aecb4b66ffb32c6a2fb83d7a22538
S0565,train,1,train_features/S0565.csv,cf23f445e81e1d7be9918141d96da22a
S0566,train,,train_features/S0566.csv,6709bed14a5f805a65a23eff3028238b
S0567,train,,train_features/S0567.csv,4ee296cfd9b20b4ccad8fd77f9649a9b
S0568,train,1,train_features/S0568.csv,cf327a97a0f942a009ee7ff5f0c5d204
S0569,train,1,train_features/S0569.csv,c184a07a98548ef70b47b73cedf8345b
S0570,train,1,train_features/S0570.csv,500fea7c80d186221f5417981f0091e7
S0571,train,,train_features/S0571.csv,eb223b230a58d7a0ab1989eca21a2eae
S0572,train,,train_features/S0572.csv,ae60acc9e6b2c667e2b8ad37684ba5ad
S0573,train,1,train_features/S0573.csv,269dd14226417e96733df46588618092
S0574,train,,train_features/S0574.csv,691b1d18d9066ee2fdbf2663898e7a9e
S0575,train,,train_features/S0575.csv,ae99ba48c1dd14fdb8a30840809d6d47
S0576,train,,train_features/S0576.csv,607aa3c9c530559f7563158894075ea0
S0577,train,,train_features/S0577.csv,2d3cc2484a22f0d16d206bf1e2636593
S0578,train,,train_features/S0578.csv,8b8ddf6bb1a9e2ad1cfd06e18aa8ddc3
S0579,train,,train_features/S0579.csv,8c5e2cd28917582b7634d36a79d7c1e2
S0580,train,,train_features/S0580.csv,b5906ae7af31022f907cc26070399f5c
S0581,train,1,train_features/S0581.csv,a42ac8c2bafb2467f50cc203f8ff2b11
S0582,train,1,train_features/S0582.csv,554da5d909360487d9c2002790b6a401
S0583,train,,train_features/S0583.csv,a2ed4e98258c267848829b399b81cde4
S0584,train,,train_features/S0584.csv,0ac65d48fbf48c8fe7350e3ee558d437
S0585,train,,train_features/S0585.csv,b66a643fabeba6cdd99ff901d76be5bb
S0586,train,,train_features/S0586.csv,ad8776d4e797d68d6166e6e34b9385fe
S0587,train,,train_features/S0587.csv,176410e54c73a417dbc909c86e72794b
S0588,train,1,train_features/S0588.csv,a5bd17bbb100800049b5093e4c197bb9
S0589,train,,train_features/S0589.csv,70e9560d7ba124f0ef0f1e6cf0be05d2
S0590,train,1,train_features/S0590.csv,190269b2b34f62f8809d2c16627bfb0c
S0591,train,1,train_features/S0591.csv,f390d954ef29371b4a5e4719f52bb1c7
S0592,train,1,train_features/S0592.csv,69f0bbab58ed3c6a65f4dcebc4503e38
S0593,train,,train_features/S0593.csv,d2ebab70aea02cecf06260fc8ba81f56
S0594,train,,train_features/S0594.csv,cb47b250fbf1febf2bc2ce46b8d1673d
S0595,train,,train_features/S0595.csv,8f6ff13d39eea10d372b508f274f5b35
S0596,train,,train_features/S0596.csv,01f39a5d13d697ef6864560080248260
S0597,train,,train_features/S0597.csv,7fb58388abb12280bcc1c4a5ce346a12
S0598,train,,train_features/S0598.csv,4c5672db2a875f70b07ca355a57b06d3
S0599,train,,train_features/S0599.csv,95fb436c690be54c5f5c48e8a29d6ff0
S0600,train,,train_features/S0600.csv,af93c445f55340592d36fd3286174854
S0601,train,,train_features/S0601.csv,65ac1e0ad897d614040ebd66ac18af5a
S0602,train,1,train_features/S0602.csv,f330aecdaf54cbc38dcb59a07756e79d
S0603,train,1,train_features/S0603.csv,eedb7df45f0342e061adeb435e97b181
S0604,train,,train_features/S0604.csv,be5a9be774a5971218f1d25896fe426d
S0605,train,,train_features/S0605.csv,5d290d3f5750e613d1fd998b3ed21cb4
S0606,train,1,train_features/S0606.csv,01f92db7d212b4d9e8b02e539b1256fc
S0607,train,1,train_features/S0607.csv,63b05dd53d7211971e1ff584cc3c6df9
S0608,train,,train_features/S0608.csv,dd43986285ebc7d4ce04d2d367be89bb
S0609,train,,train_features/S0609.csv,5ee1a974c7d607201bcf17aa3f20ddc5
S0610,train,,train_features/S0610.csv,4b1810d38e25d578505eeea823e2f4e2
S0611,train,,train_features/S0611.csv,c06ad82afbc123849af3a8f7ad4d5084
S0612,train,,train_features/S0612.csv,f389f2d0058190b30dac20179fe92608
S0613,train,,train_features/S0613.csv,3f5bb771a06f28c3f9de01f45909df4b
S0614,train,1,train_features/S0614.csv,f3e5b7d8524cf0abe34e730a311685cf
S0615,train,,train_features/S0615.csv,400635be30e2f0d434f888f6761104a7
S0616,train,,train_features/S0616.csv,65c1df6d98cd6b0870d7815c39c9b56d
S0617,train,,train_features/S0617.csv,f8b1a16150fdb220d1801bdca88f6a48
S0618,train,,train_features/S0618.csv,9b32a6ca1a9de385999cf9f5743baabc
S0619,train,,train_features/S0619.csv,5afff721f2d2b72e5669580fb9d6371c
S0620,train,,train_features/S0620.csv,6f6c17f21c826d5b18cd0046e8eee116
S0621,train,,train_features/S0621.csv,bf731c6091db5566be64abfc9bcdd670
S0622,train,,train_features/S0622.csv,f376c0c4ce01de7052e49349f285a069
S0623,train,,train_features/S0623.csv,92978fb21694d58474ca16dc4335a33b
S0624,train,,train_features/S0624.csv,f4ecdb32f27a488aab68a78ca2e71d73
S0625,train,,train_features/S0625.csv,b123b63fd4987a326854cd631c2b6b6a
S0626,train,,train_features/S0626.csv,5ff1d0e855ed479cf1d26689d6aa991c
S0627,train,,train_features/S0627.csv,9a8a1a7d357e4decd6c709c41de3ea01
S0628,train,1,train_features/S0628.csv,17777dfde27c8b698bd1450be2179108
S0629,train,,train_features/S0629.csv,1fc74caa061a79293755aeb41863ecb9
S0630,train,1,train_features/S0630.csv,c2ec11b8cd1654367c27a3d91ff29766
S0631,train,,train_features/S0631.csv,9584bc568dbbef708c840e93d21ed230
S0632,train,,train_features/S0632.csv,28b5bebd827e01d73e304d2e7c33f05d
S0633,train,,train_features/S0633.csv,3c14bd50113a6b3fa126a35853d53064
S0634,train,,train_features/S0634.csv,a938741ae56ad5246fbc55b51d9a72cc
S0635,train,,train_features/S0635.csv,faaec9446b5d97276f0afd5f53b3f82b
S0636,train,,train_features/S0636.csv,fb9c4d2c580e69ce9a316430b11e45fb
S0637,train,1,train_features/S0637.csv,13b987bc67bd345710788ed97ddb5b19
S0638,train,1,train_features/S0638.csv,4b35133bd0a87ba8fd727907d96f99dc
S0639,train,,train_features/S0639.csv,0698dd23130ff8fd23ec0f7aaa0d2e65
S0640,train,,train_features/S0640.csv,accd289141aeffe53070ede9202a1667
S0641,train,,train_features/S0641.csv,4dc87322edbd64ec24ec8bd111ce9200
S0642,train,1,train_features/S0642.csv,0b9df639bea1cc32dc24a95caf992722
S0643,train,1,train_features/S0643.csv,35f3120375aca87c0dc901437b657f9a
S0644,train,,train_features/S0644.csv,3bf758ed935c4c8cb6be83a651f6cf56
S0645,train,1,train_features/S0645.csv,7a19806115fc17909757c76cf14213c3
S0646,train,,train_features/S0646.csv,2543331218729e47ad6b465fa5751a2c
S0647,train,1,train_features/S0647.csv,9219586e30f1091f45e7964247678f85
S0648,train,,train_features/S0648.csv,64d1a1074d3e8ac4d078943f799f5362
S0649,train,1,train_features/S0649.csv,6d132f4482a13f676ba4602f9f9b5427
S0650,train,,train_features/S0650.csv,f0c830f1b317c8b95df0dbffb262f46a
S0651,train,1,train_features/S0651.csv,67274f7ac8d2a760646d235442c75350
S0652,train,,train_features/S0652.csv,8f47e7d05dc77768c9c0a984849dc0b0
S0653,train,1,train_features/S0653.csv,e28858544bfdf52de4d0e28fc624668d
S0654,train,1,train_features/S0654.csv,d7953a66867deb89a89acfda3e91acc6
S0655,train,,train_features/S0655.csv,6937ddfa4ddf6aea2050c5c4788d11ae
S0656,train,,train_features/S0656.csv,636c59cd7608860de12e077bb3380b5b
S0657,train,,train_features/S0657.csv,f89dcbe9a305298944208bbbca5be18d
S0658,train,,train_features/S0658.csv,90ca591a5ad7bd0465458d11434eae75
S0659,train,,train_features/S0659.csv,3846f9e95d36d01deda58bf51b7c5748
S0660,train,,train_features/S0660.csv,e3bbb87c383c1c99ee2c849c1769387e
S0661,train,,train_features/S0661.csv,911a735861b248deebd1f80fa44e2020
S0662,train,,train_features/S0662.csv,9b10a3f64173bc300bb79e7c232cf61b
S0663,train,,train_features/S0663.csv,2939c0cbeb38a6b51fbbdc2bebb85d26
S0664,train,,train_features/S0664.csv,ef82eed49b8ab77a427d9cf9ff9ebad3
S0665,train,1,train_features/S0665.csv,1733170c812c93a336695134e93e9bcb
S0666,train,,train_features/S0666.csv,e3ac31a7831b5f51b0a5023fe1cde115
S0667,train,1,train_features/S0667.csv,29e5c02ecd499bb832559eba5fbcf59e
S0668,train,1,train_features/S0668.csv,f00995c617a967059ee83985c65d6fd4
S0669,train,,train_features/S0669.csv,36e079fa7a6ddd26fef132c7234b3779
S0670,train,1,train_features/S0670.csv,0dad086444a5a3753b94a4a33377c98a
S0671,train,,train_features/S0671.csv,100059d2a5d017f6dbeb4153a810d55d
S0672,train,,train_features/S0672.csv,a9f092a5fc4959b20cbe9c94a4297b9d
S0673,train,,train_features/S0673.csv,52cbc43f6eaac40c1bb81163aa5322fc
S0674,train,,train_features/S0674.csv,8a9127fd97c74f244314edc14f621561
S0675,train,,train_features/S0675.csv,2a1b10a81dd7ac6912a1a44b74d71b4c
S0676,train,1,train_features/S0676.csv,c9cae1cf65327cd5dc0859e233d12186
S0677,train,1,train_features/S0677.csv,6e0ead9d90cc00246f603d60749a75db
S0678,train,,train_features/S0678.csv,1408e79430d791fdc25de761775adf5a
S0679,train,,train_features/S0679.csv,c515361dfd49a998c524f581d1a89757
S0680,train,1,train_features/S0680.csv,2c7ccc4ac9e0745e2267ca6353590a69
S0681,train,,train_features/S0681.csv,5c807559d265a81ef55bd4b2298a7e1c
S0682,train,1,train_features/S0682.csv,4f07315d20332d8ab23044b4f4421822
S0683,train,,train_features/S0683.csv,e89b121209b566319b7385f859377336
S0684,train,,train_features/S0684.csv,4e0b85b94767edf56c94dd1c3a3b4716
S0685,train,,train_features/S0685.csv,431863185055dcc7e09980330e689503
S0686,train,1,train_features/S0686.csv,c175959e9112edbc64eb8f64bf49dc84
S0687,train,,train_features/S0687.csv,6820724f6185c76ebb719a434ed33d18
S0688,train,,train_features/S0688.csv,f8833f7379417daab0702fc19c70fc5a
S0689,train,,train_features/S0689.csv,f66857d31b8c17dee8bf5b1a68cb1f00
S0690,train,1,train_features/S0690.csv,10c882832825d57d8d897c104ec54fe1
S0691,train,,train_features/S0691.csv,9b804f555f4803d7bf4b61ad2d145f20
S0692,train,1,train_features/S0692.csv,4a83ebee6fd4945cff8181801de1c83d
S0693,train,,train_features/S0693.csv,bbca8e183c2e5a26443027d958675c3f
S0694,train,1,train_features/S0694.csv,dd821acb25e716816cdf45e27b9a99ea
S0695,train,1,train_features/S0695.csv,4ac8ed4b4e90b6486e40e7fe2a21f9b7
S0696,train,,train_features/S0696.csv,cc30b2e4e13129253c1a4ed5290ca8ac
S0697,train,1,train_features/S0697.csv,8bbde8e0b5b51706533480008c1772e1
S0698,train,,train_features/S0698.csv,07996e478a0316595d7594d39f58919b
S0699,train,1,train_features/S0699.csv,fe06448c8738141d8a359e807e2a5bd7
S0700,train,,train_features/S0700.csv,5a15db3b784bec347a820f80541cdbdb
S0701,train,,train_features/S0701.csv,8865f0103e108578baa9a3e59fae3a4c
S0702,train,,train_features/S0702.csv,59d574963a6088f89d1f6efbbf876983
S0703,train,1,train_features/S0703.csv,7a037a24352cf03f7145e8a95b1c5385
S0704,train,1,train_features/S0704.csv,85d3b255b6ac6c15eee5f2e27b9fee35
S0705,train,1,train_features/S0705.csv,4a26cbd68b896a2908999984cdd6b064
S0706,train,,train_features/S0706.csv,5bd900b65c3732704a36acaddd29d849
S0707,train,,train_features/S0707.csv,52e4ca1c4a1883190542f7fe7ee8c903
S0708,train,,train_features/S0708.csv,be8d61b204bc3d08297098f6d02af790
S0709,train,,train_features/S0709.csv,3b6dac2f79a94aa3ee1929e670cab012
S0710,train,1,train_features/S0710.csv,0134e90972d3e5380cce3d47fceac04e
S0711,train,1,train_features/S0711.csv,d73fda8f00eb28248577266607fb8457
S0712,train,,train_features/S0712.csv,68d8b81905f185ca7f597c3a82a71bea
S0713,train,,train_features/S0713.csv,21ea9740524cbf1d59cf419ceabcf996
S0714,train,,train_features/S0714.csv,4c7b918087e2362ab27a2e48313fcb50
S0715,train,,train_features/S0715.csv,2f1153c53eab55b2bcde11db6b41e1e7
S0716,train,,train_features/S0716.csv,6978008c1abd51222e7b22be90e7e07b
S0717,train,,train_features/S0717.csv,7bc873be895b9678439c67c5b1bc4d97
S0718,train,,train_features/S0718.csv,809ccb749ffd4cad063186c1900fc9f5
S0719,train,,train_features/S0719.csv,dd0f7b12f535eb0bdc3c824a5398a5fa
S0720,train,,train_features/S0720.csv,53cebdf8b8deecd9638d6d0ed83ab0f7
S0721,train,1,train_features/S0721.csv,2d14c68c79f3ee0d400c6b109a4f0d24
S0722,train,,train_features/S0722.csv,5473f25b186856c831c3e562cb821959
S0723,train,,train_features/S0723.csv,eaebff58870b13a08fccf5e28dad229e
S0724,train,,train_features/S0724.csv,480f009ab867c182205aaf7513f8c62c
S0725,train,,train_features/S0725.csv,1a4b9290eef619e2ab8e1149fc584cc4
S0726,train,,train_features/S0726.csv,32f634c33a19325cf1d15037ab60805b
S0727,train,1,train_features/S0727.csv,239f453c70844ebc68a65815ab0d5c91
S0728,train,,train_features/S0728.csv,3f65b86e48e8d5cb5c39ef30c7e503ac
S0729,train,1,train_features/S0729.csv,0994309173a4fa0994b809c5d77ded88
S0730,train,,train_features/S0730.csv,8eebbe199d516a3b122c99bc046056fc
S0731,train,1,train_features/S0731.csv,1878314810a7d603f99032242e3da3bb
S0732,train,,train_features/S0732.csv,109c36e54606844b7188a21d657bd15a
S0733,train,,train_features/S0733.csv,8e141bee3a41278e6cf72ece867c8c96
S0734,train,,train_features/S0734.csv,9d0dd71360676e5a8ffc4a7935f18713
S0735,train,1,train_features/S0735.csv,29a678efd3955e466238b7d723cebb3b
S0736,train,,train_features/S0736.csv,ac08563c427ab305180547bd355ff065
S0737,train,,train_features/S0737.csv,983a4efded806534ad22d06262183a2d
S0738,train,1,train_features/S0738.csv,9a3b95fe275c7f933efdaeed8193438b
S0739,train,,train_features/S0739.csv,b5b86329a9792e9aa00fc73274a93928
S0740,train,1,train_features/S0740.csv,5ddea66d31a9ae1e202df196df90bf07
S0741,train,,train_features/S0741.csv,ceb76229e5fad3afcfd2d1d16e9ea875
S0742,train,1,train_features/S0742.csv,4bf7d4ffc372c565f61890c39ea0b4b6
S0743,train,1,train_features/S0743.csv,14943faae98b04ea83e82fa29c483207
S0744,train,,train_features/S0744.csv,45e28c25211fd75537d3ee2acf1b8e74
S0745,train,,train_features/S0745.csv,273aae67c0095545bab9b315fc5c4ffb
S0746,train,,train_features/S0746.csv,b99345390784771160e87f1af59f6834
S0747,train,,train_features/S0747.csv,a9ade324697c865046487cafe7ae3892
S0748,train,1,train_features/S0748.csv,62ef59455b688f022cf9f9fb77a16760
S0749,train,,train_features/S0749.csv,9df9bd795720758ae231dc7c5d103e02
S0750,train,1,train_features/S0750.csv,17ae52a40664954bea90819f50acf724
S0751,train,,train_features/S0751.csv,b60ef0586ff4b04848abf3d9f6248e5c
S0752,train,,train_features/S0752.csv,0c6b876f0a1ffd396d19347115524255
S0753,train,1,train_features/S0753.csv,c4d753cbe16cd6d2f1bf43f2a17f7a19
S0754,train,,train_features/S0754.csv,588c1da69defdd0b75b3ec6514084f87
S0755,train,,train_features/S0755.csv,5f7e75b6edd04d6b683709b8fbd553ff
S0756,train,,train_features/S0756.csv,076656f18a1387834d6d9db99e0ed726
S0757,train,,train_features/S0757.csv,9a8be52d03917c81df98eb8c621b678c
S0758,train,,train_features/S0758.csv,1450085b3a494b668978e51c1ea10ac7
S0759,train,,train_features/S0759.csv,3f44015523670d4628a5ea70959e02e8
S0760,train,,train_features/S0760.csv,16fc443ed6fd439735ba19e081277562
S0761,train,1,train_features/S0761.csv,6f6e9f8885ff2253e08f6fb089d75e1b
S0762,train,1,train_features/S0762.csv,de395464816c3d989293320ee90f9e29
S0763,train,,train_features/S0763.csv,e163f1864c715262591e06272905dda3
S0764,train,1,train_features/S0764.csv,75dd3ad036b5c0c7b90ba4053b1fc3f0
S0765,train,1,train_features/S0765.csv,a0ecaa044b6d606191abeefcf3df63fc
S0766,train,,train_features/S0766.csv,01045b95f8a383eed4ca42be8122cf78
S0767,train,,train_features/S0767.csv,b047fcc501a5a06b572123c671e70a29
S0768,train,1,train_features/S0768.csv,5cc2d7c3a1d0fd533b01c047c58f433e
S0769,train,,train_features/S0769.csv,8e2c63dd932656506a100aaa469b4f00
S0770,train,,train_features/S0770.csv,e4d2bb6ea5feee81d045fe16fdf025c2
S0771,train,1,train_features/S0771.csv,4aa6173d8d4c92b51c85934cf1bf1c19
S0772,train,,train_features/S0772.csv,df89f6e674304507f7004d81efe394f1
S0773,train,,train_features/S0773.csv,a7576815e4b9d22b21ac330f25341d9b
S0774,train,,train_features/S0774.csv,2c74a67aab34e1b4e9bec282e2e327d6
S0775,train,1,train_features/S0775.csv,c7d9c850133bedeca2e175f21aa4cf2f
S0776,train,,train_features/S0776.csv,03608d8ab1afb1d9c62f10798ce2e350
S0777,train,,train_features/S0777.csv,124f0c516ef00ea5cc629d1807456a48
S0778,train,1,train_features/S0778.csv,2035963c41b1c0eb4d55853a2a90dccb
S0779,train,,train_features/S0779.csv,b7695f15f7fe01573b5b6619cf43cfb9
S0780,train,,train_features/S0780.csv,de1420891ad24aa4da49cb2b4ca4cf93
S0781,train,,train_features/S0781.csv,425f762c0f40cbfd355992d07a4c5e87
S0782,train,,train_features/S0782.csv,0a491e1a06f73f6a1a40f11576e7f600
S0783,train,,train_features/S0783.csv,343c32f89dad35e7c2cfbb61219a8e1c
S0784,train,1,train_features/S0784.csv,28d619a2fa9737b02b3fe44f2eea5e51
S0785,train,1,train_features/S0785.csv,7ae60d7786ede9023b955e8ba24244ad
S0786,train,1,train_features/S0786.csv,3132324eee0dabd80d542eac8fd41bad
S0787,train,1,train_features/S0787.csv,466553378290995a14ca829d40d824ca
S0788,train,,train_features/S0788.csv,5c53d357e7d287f59af0f0ffb408eb08
S0789,train,,train_features/S0789.csv,42dc7fc419286761affb347507a88a51
S0790,train,1,train_features/S0790.csv,1d2c195d68dc4f81b4429a87dc2e1807
S0791,train,,train_features/S0791.csv,9f2d2d8a99d7d0c1e37d163086e55541
S0792,train,1,train_features/S0792.csv,58277d1292bf9379ff1d2272df9f4b2e
S0793,train,,train_features/S0793.csv,49d99e714e6cf3a8554da4cd7ec256c2
S0794,train,,train_features/S0794.csv,856a853cb2ececd077154c42a780d451
S0795,train,,train_features/S0795.csv,8dd542f790bbb7f970b79a1a2bf055cb
S0796,train,,train_features/S0796.csv,4598ad52fd04770915828286c9ee332b
S0797,train,,train_features/S0797.csv,8ec47eeca336dc3f2b02354125c48d62
S0798,train,1,train_features/S0798.csv,ff4d796bd2f9b0918c46a8e062f793a1
S0799,train,,train_features/S0799.csv,72601f571e86c87494cb4194e2e90b82
S0800,train,,train_features/S0800.csv,0d8670e5b576be16fd1e780127bcee6e
S0801,train,,train_features/S0801.csv,eae061ca6efcac0ca959cc06a8f89b13
S0802,train,,train_features/S0802.csv,5e741ac6891661c5ae4ebcb48788ec73
S0803,train,,train_features/S0803.csv,23211224bd16748a885b1c5a2851282a
S0804,train,,train_features/S0804.csv,5e2f9c5e313ca6dc1045db3a77295a32
S0805,train,,train_features/S0805.csv,7b44cd29bb90d2245c0178dae5a1cdd7
S0806,train,,train_features/S0806.csv,8747e038c6fe5e6b1b5d3738534e1e18
S0807,train,,train_features/S0807.csv,29fe0e94a96e6e206232248d22e48398
S0808,train,,train_features/S0808.csv,92f8eaea312a558f024037246553dc0c
S0809,val,1,val_features/S0809.csv,89454e8f682608645d89f7610d4ad958
S0810,val,,val_features/S0810.csv,905059919c8da350146850a981c92b4a
S0811,val,,val_features/S0811.csv,71260a24237d740e31fe3d5dc28d8d29
S0812,val,,val_features/S0812.csv,63c0afd0bb4064bf485861af347dbca8
S0813,val,,val_features/S0813.csv,d94c4e367d9a414d0a3cc602d164b74d
S0814,val,,val_features/S0814.csv,cc00335ba1df8e3f762890ea466b640e
S0815,val,1,val_features/S0815.csv,4fea3af1fae4665fb32ef67d68e97f05
S0816,val,,val_features/S0816.csv,291766996de31a5092731f061d542589
S0817,val,,val_features/S0817.csv,0132a50c47a1cb1cf01a1cb99b1fe5a3
S0818,val,,val_features/S0818.csv,1044bfccd762c7d6233c67cdb9b0be78
S0819,val,,val_features/S0819.csv,c1ed08a3a0af3726d76d0367014b5a8a
S0820,val,,val_features/S0820.csv,fe56d834a482c5dce32eb08288ade49a
S0821,val,1,val_features/S0821.csv,42deac09a93298ee9cb369780b11282c
S0822,val,1,val_features/S0822.csv,7bc0e8c25dce3ee1c6549d09868e7acc
S0823,val,1,val_features/S0823.csv,f9d27535df0e9c09628e4aa9461fca18
S0824,val,1,val_features/S0824.csv,227a5ec069605b5cd615ee7fc43c4df7
S0825,val,,val_features/S0825.csv,f0fdcafe2f41b75d729a0e23ae39e847
S0826,val,1,val_features/S0826.csv,aa5bed2215f2746af819895facb97727
S0827,val,1,val_features/S0827.csv,52a0fca0e815d06705d967f0c45478b2
S0828,val,1,val_features/S0828.csv,37c1a260a2e4172cb128d37cd3eddac7
S0829,val,,val_features/S0829.csv,841ef3e922f79fd1a2af207c4944c5cb
S0830,val,,val_features/S0830.csv,6f7678def9d6364115f55fa84fde2a54
S0831,val,,val_features/S0831.csv,b5ca78af52bb086d6945cde7dff425f1
S0832,val,,val_features/S0832.csv,4e207e795f5a4ed960ded8880bb0667c
S0833,val,,val_features/S0833.csv,b975c3439aa875bfed40a11091d07d5c
S0834,val,1,val_features/S0834.csv,18086eed7c5fa47987db966c2173fce9
S0835,val,1,val_features/S0835.csv,e1be4a56c17aebd575c7431f3fc72fd1
S0836,val,,val_features/S0836.csv,51ba1f13f8979412472d802c73b19120
S0837,val,,val_features/S0837.csv,3dcb9a5f976e7a8d13d294ca1077260e
S0838,val,,val_features/S0838.csv,aca83dcc7b36a4da9d1dd176f306daf8
S0839,val,,val_features/S0839.csv,ce593108528bcb57554654a75e3841a5
S0840,val,,val_features/S0840.csv,d968d0dc0d7f348d4ebd73d1e6586207
S0841,val,1,val_features/S0841.csv,a082960f3075a3d9040efb444d24baf7
S0842,val,,val_features/S0842.csv,d09b5599d1c5c381bcee10c787b43559
S0843,val,1,val_features/S0843.csv,8982be882889301f875764cc3ba65b8f
S0844,val,1,val_features/S0844.csv,cb9b40a6203470775bdb52d47636b306
S0845,val,,val_features/S0845.csv,148f81a62277001d35b25cbd5e4582a3
S0846,val,1,val_features/S0846.csv,ec4284df3e9bfa718436f3c1a8181a6b
S0847,val,1,val_features/S0847.csv,127894ef81b2a2ab2106b9a7993a6d56
S0848,val,1,val_features/S0848.csv,d16fc41fca37c17840797d528bf091e4
S0849,val,1,val_features/S0849.csv,fc3c3bf0e4acb1b3db893a2131174ac9
S0850,val,1,val_features/S0850.csv,ff42f1cd68e3b438976db6d3aabc9f5f
S0851,val,1,val_features/S0851.csv,772eb74ae2b72217922a9c7f50d13d03
S0852,val,1,val_features/S0852.csv,3374e90ddb9e64faac50c45415b4789d
S0853,val,1,val_features/S0853.csv,c2244ed6a3dadb01b29b286f2aedc207
S0854,val,,val_features/S0854.csv,91b0c2dc307bc4650366013ac28312ba
S0855,val,,val_features/S0855.csv,a195440eb2e4cecb127ae23c2f592207
S0856,val,1,val_features/S0856.csv,cd0c989ae1f06d24396b09649fe08cf2
S0857,val,,val_features/S0857.csv,2e280cab7f547de2873cdb047a3a28cd
S0858,val,,val_features/S0858.csv,a8b871df3e72626649cab252068d01db
S0859,val,1,val_features/S0859.csv,5ba4dc5618ec0a03b97928227bafbd09
S0860,val,1,val_features/S0860.csv,1739a2be47a689a26ae1a5ac0c983909
S0861,val,1,val_features/S0861.csv,c91a75715796e4a758919d6f623f3176
S0862,val,,val_features/S0862.csv,3d3a3bc64b5ff28c45c735c27563827a
S0863,val,1,val_features/S0863.csv,b39d019f8f0540bf3d8e4d5cb6623b04
S0864,val,1,val_features/S0864.csv,85ef68b8ce771d661ae07998608d921a
S0865,val,,val_features/S0865.csv,d009b395838ded6d67a13e67a5a7a69d
S0866,val,,val_features/S0866.csv,322e66fc1b9e02f84a7ef80b820a6218
S0867,val,1,val_features/S0867.csv,22d85db462e34885c293d3b713f0c1da
S0868,val,1,val_features/S0868.csv,97e4c5a33fe11128f53624f01b02f2a0
S0869,val,,val_features/S0869.csv,2c7cfd9722e9b15d3dbf119b7beab4ef
S0870,val,1,val_features/S0870.csv,a45d3bb42c6a17d986a5adbf9e6f43f5
S0871,val,1,val_features/S0871.csv,e10a3b4768fa13cc3c8844a797378660
S0872,val,,val_features/S0872.csv,93d2eb15099a630a2d1978ee7b28d346
S0873,val,1,val_features/S0873.csv,42d4b7120c74610a06633097b16d6a64
S0874,val,,val_features/S0874.csv,dfc04048a4ab099889e948469593cb50
S0875,val,1,val_features/S0875.csv,534b06fcb2c036280b388dea2d9d007a
S0876,val,1,val_features/S0876.csv,6316809fe6b7b04ed7cf5cefc930c4f1
S0877,val,,val_features/S0877.csv,08051156964f1d23acb5dd9aebc818b0
S0878,val,1,val_features/S0878.csv,da597eb8fbab7fc64a2f1d542c1a374f
S0879,val,,val_features/S0879.csv,ca3cc2cf02b37cd8bf29345b7670b74f
S0880,val,,val_features/S0880.csv,8ff105e501808b18a190684e79f68303
S0881,val,1,val_features/S0881.csv,e6700fb493894bf9a3f6cd5e811cf8cb
S0882,val,,val_features/S0882.csv,82a1eaed3626c6b37499587b7df9cb2b
S0883,val,1,val_features/S0883.csv,152946343bc7bcde2a308ebebc58a59b
S0884,val,,val_features/S0884.csv,13fbfb161f37d327edaa710c608dadb1
S0885,val,,val_features/S0885.csv,b59b265bcf36c0ec948d256c25680550
S0886,val,1,val_features/S0886.csv,cd69cd009713221bee95ffb07c0ea55e
S0887,val,,val_features/S0887.csv,a57542a11c3cbe033863028bfa79472b
S0888,val,,val_features/S0888.csv,450d8c6d5e7337a38e03bf86970c939e
S0889,val,,val_features/S0889.csv,525fa07bb9eb33ef0df544c4f63bde1d
S0890,val,,val_features/S0890.csv,b869e3eb1aa656065b3f26657a3238ed
S0891,val,1,val_features/S0891.csv,5bd396c2abd7798585dbe4845bbfab47
S0892,val,1,val_features/S0892.csv,56146656f82fe0117223be820765b200
S0893,val,,val_features/S0893.csv,263188ebebf06a361e851ca5c4dbcd30
S0894,val,,val_features/S0894.csv,6e30dc8936c3f806aa4fa06bb19520b8
S0895,val,1,val_features/S0895.csv,a886ef697d93b53b45b21079315b69de
S0896,val,,val_features/S0896.csv,1be92dfcc1a28755939b794a8170798b
S0897,val,,val_features/S0897.csv,dab4ec7f427a89b89aaa55838986c099
S0898,val,1,val_features/S0898.csv,f15ab4f29400a75bac00fc825ec4d174
S0899,val,1,val_features/S0899.csv,bc15a21ee2c8e450e08a793fca7991d4
S0900,val,1,val_features/S0900.csv,5e69a9fe9af8c65c647853082144f761
S0901,val,,val_features/S0901.csv,47aa04cd8784c6f24732a3c2a3929798
S0902,val,,val_features/S0902.csv,fe32e24f7225e08355259329e7e24bd3
S0903,val,,val_features/S0903.csv,a46a8757b2f45bee5ab27342deae3dc8
S0904,val,1,val_features/S0904.csv,fb40295af512d0cf8344a6a25e29fd3b
S0905,val,,val_features/S0905.csv,36e02482b147fe320a355805dd12e3c4
S0906,val,,val_features/S0906.csv,4b50a072b6ab3137368d0cbe84bbc81e
S0907,val,,val_features/S0907.csv,3efaa5367ad2c927ff9c830439e44bb7
S0908,val,1,val_features/S0908.csv,4d86673030bb56e0d2d92249f4689022
S0909,val,1,val_features/S0909.csv,1eaa47b1659087c5cd2b60b4bb653708
S0910,val,1,val_features/S0910.csv,53c08dcf7604ef7dd5f10645e1ec223a
S0911,val,1,val_features/S0911.csv,8d626d43eb0a0fe3b2da54ff896f6db5
S0912,val,,val_features/S0912.csv,3bf274df41f9d8b76b8cf0fe866f145f
S0913,val,,val_features/S0913.csv,fc5c1cd031ed57a64bf6c00c81cb2682
S0914,val,1,val_features/S0914.csv,3462c4583e0188d48633db61efa74164
S0915,val,,val_features/S0915.csv,bd18ca22b7bdd6d4b992b00d0c258031
S0916,val,,val_features/S0916.csv,54f7f70da11bf89cc44cb0a77e4de18c
S0917,val,1,val_features/S0917.csv,f2ebfc9c2e0b25158770899784a30f42
S0918,val,1,val_features/S0918.csv,0810669b62721a77407b6fb36bf03595
S0919,val,,val_features/S0919.csv,7d05961c40509e12a7bab5bcefbe9a89
S0920,val,,val_features/S0920.csv,8e148f41bf36f53081b9567e7b4cf5ff
S0921,val,1,val_features/S0921.csv,a76c3ba774e0aa3f69607ca494b107cb
S0922,val,1,val_features/S0922.csv,81c2e6e2fb00c21176bcffd44ac071c3
S0923,val,,val_features/S0923.csv,6d407a4db51823eb3e34ddbf2dc3116f
S0924,val,1,val_features/S0924.csv,b920954c2c53a5a46c54535022ffebe9
S0925,val,1,val_features/S0925.csv,1162679fdba974f12c1ae53949540c69
S0926,val,,val_features/S0926.csv,02cef5dff2cfa8813360b5edb2a5c8df
S0927,val,1,val_features/S0927.csv,66d64d928e7809443d77811d6ffc6f02
S0928,val,1,val_features/S0928.csv,3156fd937672aaa9fce36cddb83430ef
S0929,val,,val_features/S0929.csv,2a992481731386a33806328160948c8b
S0930,val,1,val_features/S0930.csv,80868f571922a62532b19f6e550c7973
S0931,val,1,val_features/S0931.csv,f2c0301f26382e9c5cfebb5136727ff6
S0932,val,1,val_features/S0932.csv,0a85cecc009b2004d4d1dc335e055ee7
S0933,val,1,val_features/S0933.csv,b1d820156947567f9446fdb5b76e11c7
S0934,val,,val_features/S0934.csv,2b37bf8565115b8da2835f89589eb698
S0935,val,1,val_features/S0935.csv,0607c80508472893b3c4e2b974587fcc
S0936,val,,val_features/S0936.csv,eefded747a3f4973ac8939f766d7a5a0
S0937,val,,val_features/S0937.csv,8fb0351a0b3fbeb84e11bd5db412bac7
S0938,val,1,val_features/S0938.csv,3ebe7e33c0efc6446217776553ffed01
S0939,val,,val_features/S0939.csv,b6fcd71c234d73f3e8e157e99e14cf08
S0940,val,,val_features/S0940.csv,19c612be9e0f8e3554da3aba04b743c8
S0941,val,1,val_features/S0941.csv,25c3b65550f73c2ef879c4c647073119
S0942,val,1,val_features/S0942.csv,941b7049e47f20b057dece09e8e7d6e1
S0943,val,1,val_features/S0943.csv,2cfa2dbcd5215f0539e18fd5783a8ef2
S0944,val,,val_features/S0944.csv,f4a5ce3868abdff1dbb8bac6a92e7f27
S0945,val,1,val_features/S0945.csv,dda6bfcee165be8e4276ed3aa4796990
S0946,val,,val_features/S0946.csv,e2202ec7a083d2328c6ba54153be8108
S0947,val,1,val_features/S0947.csv,206a4e1477d474bdd49ed4b1e7f9a2fd
S0948,val,1,val_features/S0948.csv,d68418b6f7d16de94b44cc82979a749c
S0949,val,1,val_features/S0949.csv,77573a2314bf5c98b4213bcf1f9ac977
S0950,val,1,val_features/S0950.csv,51663675a5901256847cc6addc12c37a
S0951,val,,val_features/S0951.csv,5214ac92ab0afe417a041d2da569e688
S0952,val,,val_features/S0952.csv,9619d9fcb1bb79c62867a3487d2da7c7
S0953,val,1,val_features/S0953.csv,fd28c9daee2b4991f24ed0063a343e76
S0954,val,1,val_features/S0954.csv,bd68c70d884698e624a1267f903fffda
S0955,val,,val_features/S0955.csv,ac73060b1b8d6c4153095156648c0b00
S0956,val,1,val_features/S0956.csv,8df9d01b0c7ef6e2330605c3b131d7dd
S0957,val,,val_features/S0957.csv,55de9ba92dd2b70a848422d97d593bb6
S0958,val,,val_features/S0958.csv,ee641df90e53ac3e23705934a686fe8b
S0959,val,1,val_features/S0959.csv,e5980a9a764d8acd7c2da7c5808d6a8a
S0960,val,,val_features/S0960.csv,5b8e21c9bef6d113c73f7f72f7990801
S0961,val,1,val_features/S0961.csv,4077dc044d839a0c9d0699ee7048c789
S0962,val,,val_features/S0962.csv,5ba2c60a60afa10ccd7fabd628c46dc1
S0963,val,,val_features/S0963.csv,929f4cb9d83319b6f45fcfd953ddc46b
S0964,val,,val_features/S0964.csv,8278c8412d597a1e7f2973749ea1ad24
S0965,val,1,val_features/S0965.csv,fcbd89d08c8907c95ad6a79951fcc540
S0966,val,,val_features/S0966.csv,aa9f705b8776b5087ec4dbd5ab167ca1
S0967,val,1,val_features/S0967.csv,2422c6d25e0fd30289611e7b64d7d07b
S0968,val,,val_features/S0968.csv,c782b6702273c8f5a47f0f14f1ff7f19
S0969,val,,val_features/S0969.csv,67247dfd33a4524e1e8506c497debc43
S0970,val,,val_features/S0970.csv,90a63d841921b76c8eef07369a0498d5
S0971,val,,val_features/S0971.csv,60d7fc86cb9a342c86807a3eb839bf09
S0972,val,1,val_features/S0972.csv,cc02061445eb6ec308268e6d71f9069e
S0973,val,,val_features/S0973.csv,c93b84c10c638ff7f9792c4075e0187e
S0974,val,,val_features/S0974.csv,4fc7988d445c74137b554eda1ca7b1cc
S0975,val,,val_features/S0975.csv,1821e9c2932b4435a51321ad6f025601
S0976,val,1,val_features/S0976.csv,8f594157c688051da02c8c3c9e378885
S0977,val,,val_features/S0977.csv,ee4fed1826b829981b248a42aa7b2ae6
S0978,val,,val_features/S0978.csv,9f259bb80698834e159cc9d0b1607b8a
S0979,val,,val_features/S0979.csv,2affb2d8131131a12960bc0b54290f60
S0980,val,,val_features/S0980.csv,892101b929c254873105617544dd32e7
S0981,val,1,val_features/S0981.csv,3af7bf7b636c6ff5e7f019c666eff6aa
S0982,val,,val_features/S0982.csv,1cf03e340c1f23e773946a7c5cdb14d1
S0983,val,,val_features/S0983.csv,75b1d093aafac698996ba4dcec6da624
S0984,val,1,val_features/S0984.csv,3e70e7540886f952ffd91c3e1a295baf
S0985,val,,val_features/S0985.csv,0009faa9c3e374582d3620d718f8ac20
S0986,val,,val_features/S0986.csv,fab27553b7135c4f2f9e9f91587df14a
S0987,val,,val_features/S0987.csv,b1a5e76c66471db22c47dc2bedb6aba3
S0988,val,,val_features/S0988.csv,96c3e2d532eaaaca99284b57400467b9
S0989,val,,val_features/S0989.csv,6970a673ab73af42d20e069627411866
S0990,val,1,val_features/S0990.csv,273bc4ce207f03f2ed6f5e719f0bd142
S0991,val,1,val_features/S0991.csv,dce14df38c4040e4133295a33328281a
S0992,val,1,val_features/S0992.csv,a08d53f45862afbac87526c1d8eb2535
S0993,val,,val_features/S0993.csv,2ae3fdd82702723121d23c3856d99ae5
S0994,val,,val_features/S0994.csv,9aa58c776a4584fa3375effae27a08aa
S0995,val,,val_features/S0995.csv,8d1e48ed8b2be62f310f940162520d07
S0996,val,,val_features/S0996.csv,8995da245ca3eebbca3de1fd59456291
S0997,val,,val_features/S0997.csv,75b7c3240c149618f2ce9f345a783a02
S0998,val,1,val_features/S0998.csv,dc04e88a2201251a139d78aff788c387
S0999,val,1,val_features/S0999.csv,8865a7a5801a5493f1f5b0fa20bf8707
S1000,val,,val_features/S1000.csv,7c815fc8cc4ffe0e7682027ba2602ee3
S1001,val,,val_features/S1001.csv,5b582f6e99be6bdf1406833f8e780637
S1002,val,,val_features/S1002.csv,a2c5fbdfd2f3f5fce5c27ba4bf006516
S1003,val,1,val_features/S1003.csv,8b587d6513a123356575c35a09aee391
S1004,val,,val_features/S1004.csv,bbbdabef968bc3e8abee8b386150d3ac
S1005,val,1,val_features/S1005.csv,b7316b8bacced2055940f535fc8db3a8
S1006,val,1,val_features/S1006.csv,69c398acfc76fe04ec77dc51e6cfc0f8
S1007,val,,val_features/S1007.csv,a33edf0596966b879c5c1210a3f50400
S1008,val,1,val_features/S1008.csv,78915f2ca52abd2edf6bb271edc3cee1
S1009,val,,val_features/S1009.csv,229af70703273a59d19ecc955213dee7
S1010,val,1,val_features/S1010.csv,191ce09930e9b766c78594e814efe885
S1011,val,1,val_features/S1011.csv,e37401d2f056fa7511b86de2147b27a1
S1012,val,1,val_features/S1012.csv,e6e100dfa05c972e1ded6f7d5559669e
S1013,val,1,val_features/S1013.csv,05b0225b299f54ac0cb866037a94057b
S1014,val,1,val_features/S1014.csv,8caf8eacdb8b04edd4eb38d98d6b6701
S1015,val,,val_features/S1015.csv,6afc64a432e0fdd88d8548546fbb9c75
S1016,val,1,val_features/S1016.csv,42992778ef80d431e73ed2595f295e21
S1017,val,1,val_features/S1017.csv,7b1293ead27921de2cfc9e393d5523f5
S1018,val,1,val_features/S1018.csv,8f8bf4fbdf568edfa31aba532b5fe491
S1019,val,1,val_features/S1019.csv,d1c0d4620822a87e07c90d4e79eee6e7
S1020,val,,val_features/S1020.csv,cfd14b061082b1c7e7afe789f2fbf51e
S1021,val,,val_features/S1021.csv,6fbd2fa14ed77279f6390e3b420fed5c
S1022,val,1,val_features/S1022.csv,1446ffe0cd672382ff0c5a1304180eea
S1023,val,1,val_features/S1023.csv,f4f23d08866f9e9c85c9f4e45ab2b9f3
S1024,val,1,val_features/S1024.csv,4a584088fa65271343abec9d31992730
S1025,val,,val_features/S1025.csv,35fb810c7641d246c8899217308863ba
S1026,val,,val_features/S1026.csv,01b2e987c2daece100bc49f5f4dc6490
S1027,val,,val_features/S1027.csv,5500fb64e525271ab08c30418e578c1c
S1028,val,1,val_features/S1028.csv,cbbc2fa38a3a0bd8e0d3b506974f317f
S1029,val,,val_features/S1029.csv,ed104aa430513e4006cb3025a0f4f5f1
S1030,val,1,val_features/S1030.csv,9878e68a920b3dd086496ddffdac726a
S1031,val,1,val_features/S1031.csv,ac3d693d0193214fee03fb0d0f5d3821
S1032,val,,val_features/S1032.csv,d892f583ac876e8d214e9638d9f7168f
S1033,val,,val_features/S1033.csv,61d796ef0a64db11cc741f70db6d6e33
S1034,val,1,val_features/S1034.csv,8a050fa1e7cf69caa31bac6f22f12a8d
S1035,val,1,val_features/S1035.csv,679e2d9b701b562b1ce8a3c94e76f806
S1036,val,,val_features/S1036.csv,14d2fb6e49ef4b33e67f9c85db3273a9
S1037,val,1,val_features/S1037.csv,cb0e91c3f27dbfb216825daa3178baf8
S1038,val,1,val_features/S1038.csv,83b234de50ecc2f5c4f13195881f9170
S1039,val,,val_features/S1039.csv,2f44fbba82e1ad251d3d0f167c2de9a0
S1040,val,,val_features/S1040.csv,93cf500c91ecb381fbaa2ddafc4b2c15
S1041,val,,val_features/S1041.csv,3db197df62f2af9a4d565c59b6094c0d
S1042,val,1,val_features/S1042.csv,f99d9e214ae071219cbff371e21143b2
S1043,val,1,val_features/S1043.csv,55de079682ed8e482379ce94ad95a45f
S1044,val,,val_features/S1044.csv,c19047144d4367dd02f1de13683163b5
S1045,val,1,val_features/S1045.csv,0b006587a690199483829991a1db3508
S1046,val,1,val_features/S1046.csv,6f51b20f8fbf164fa67aed6556e2f486
S1047,val,1,val_features/S1047.csv,ccf58d2c0123c558c30b6aae68ecdc15
S1048,val,1,val_features/S1048.csv,4365a293c4565358ff618100437fa049
S1049,val,,val_features/S1049.csv,c11aac3733fd7a8b869ec7a451c9621d
S1050,val,,val_features/S1050.csv,a8531abcceb1c7c6285d52c282ce15c1
S1051,val,1,val_features/S1051.csv,6465fd4b8d7654c4b87b6f6345854170
S1052,val,,val_features/S1052.csv,0272de808764118e21c501b0440ece0a
S1053,val,,val_features/S1053.csv,481dc634630747cb58c872aea8dea50c
S1054,val,,val_features/S1054.csv,b7e49370fbe5c87e86932a6a29cf0df0
S1055,val,1,val_features/S1055.csv,6b39dce6d97faa89134631540ae65dfb
S1056,val,,val_features/S1056.csv,76636e5f4521612230be7b89d720f577
S1057,val,,val_features/S1057.csv,695f054514da93201e05243032f401fb
S1058,val,,val_features/S1058.csv,9795eb22cf0addc7f0856384ec82c28c
S1059,val,,val_features/S1059.csv,ce70aa1b27b59df35a3de880cca084cf
S1060,val,1,val_features/S1060.csv,2168dfbb976662c60861ed36823ad621
S1061,val,,val_features/S1061.csv,25cdfc3cc7da9d7a6dfc04d34ead96fe
S1062,val,,val_features/S1062.csv,3027437b96744ed4295e7fce697e86ec
S1063,val,,val_features/S1063.csv,98c082da495867627b2f6c2be18c97ec
S1064,val,1,val_features/S1064.csv,44ec70754d9a44736360e568912add50
S1065,val,,val_features/S1065.csv,45a12670d1d68cb0592104fd916a5986
S1066,val,,val_features/S1066.csv,7b99b98929b58a0d960fc389916ba36c
S1067,val,,val_features/S1067.csv,4cc30964612d8200c471ca5b5adf1245
S1068,val,1,val_features/S1068.csv,d3c7906ec1d8a37ed0b1ef1108b0ac5a
S1069,val,,val_features/S1069.csv,852c54d09fa03d6092c1c1e95b5251ef
S1070,val,1,val_features/S1070.csv,b2892cfaacd50e78799de5c0c042f59e
S1071,val,,val_features/S1071.csv,707ddc6cfa4bcc00d98b72d9ef258cd6
S1072,val,,val_features/S1072.csv,00e5e300256246fce2ab6acac97efa16
S1073,val,,val_features/S1073.csv,74ded1439ec45c6d410f8942a26843e4
S1074,val,,val_features/S1074.csv,3027b5f7df48322812fdf83096da75a3
S1075,val,1,val_features/S1075.csv,06a4586d54016ebae9f607ba5eed499a
S1076,val,1,val_features/S1076.csv,c93f0c91b343bbf04e67e3ad5a3d69bd
S1077,val,,val_features/S1077.csv,20fa923d0cd8619bf9689b4676194515
S1078,val,,val_features/S1078.csv,99337da260a87a6ba8c52d89f7303ea2
S1079,val,,val_features/S1079.csv,45482b3c80b07a8eb2063bd10e4653b9
S1080,val,1,val_features/S1080.csv,4588d1f5a33f945374824c1e028eeef3
S1081,val,1,val_features/S1081.csv,ea1206994c75286abdce80b3d51d0068
S1082,val,1,val_features/S1082.csv,ab86103527c73b078032c5dfaa407806
S1083,val,,val_features/S1083.csv,c016ba9f00aaf174755081a978b1c591
S1084,val,,val_features/S1084.csv,358743989a1b2137c1234fe75a78efb1
S1085,val,,val_features/S1085.csv,d7f421292c8ea4e75c0520e6602d149b
S1086,val,,val_features/S1086.csv,6d07cf4755ac1f3b0d7f913c327edc7c
S1087,val,,val_features/S1087.csv,0ae20cd4bb01e75e5787f05079bd5645
S1088,val,,val_features/S1088.csv,7c962b3153312a31d7f0eb6d4455e526
S1089,val,1,val_features/S1089.csv,796f7242cb8f4207fb433bf6fae583bb
S1090,val,1,val_features/S1090.csv,608dadea0c870ad90ffd45b4c390eeaa
S1091,val,,val_features/S1091.csv,1affa2f12190fe6e67b9947440cad6d5
S1092,val,,val_features/S1092.csv,5cb2db8281e249c08c8d8b29a85c1395
S1093,val,1,val_features/S1093.csv,aec3751410dfe92901cc2cbaabe4408d
S1094,val,,val_features/S1094.csv,f98330047ba5d0c87100c1f7eeff8ec8
S1095,val,1,val_features/S1095.csv,5348e5a0481255634871f6cde8c5ec6d
S1096,val,1,val_features/S1096.csv,1ba8fa77d90bbedcca6e8293b865418d
S1097,val,,val_features/S1097.csv,d8b6be30e17eb3609cf4112e019b1237
S1098,val,,val_features/S1098.csv,3ed9b99abce5d3176dc45bc253a1d9e8
S1099,val,,val_features/S1099.csv,312fa5287a86e708ea4e795f5b546b42
S1100,val,,val_features/S1100.csv,4edd3860c1a1dd877c2da28fc75df5e7
S1101,val,,val_features/S1101.csv,36df326af8616a2426f062bd941979a8
S1102,val,,val_features/S1102.csv,ffb35602b1a486ed3dbf4cc1e6c2ffc7
S1103,val,,val_features/S1103.csv,3a3c403d41d39af9b24374123add5b8a
S1104,val,,val_features/S1104.csv,0892edcd03c62a9692ebb3b11abb5ed2
S1105,val,,val_features/S1105.csv,c5546260ecf7bceb0a585921f39ab646
S1106,val,,val_features/S1106.csv,a9ce5221575b561daeda10558c7c68de
S1107,val,1,val_features/S1107.csv,00ee3be50ef1389e1cc8ed5877d2c04d
S1108,val,1,val_features/S1108.csv,b1b8099cd3cfbd236affd50d4a4a64ae
S1109,val,1,val_features/S1109.csv,2bc2657c757d2b131b10473a0f681699
S1110,val,1,val_features/S1110.csv,ad66eb258cd034e57baf9f34043fc4d4
S1111,val,,val_features/S1111.csv,abe2b06cc7a9ecaa995607daf7a6a047
S1112,val,,val_features/S1112.csv,d42d6e9cf779b14e186eadaa4b2c0294
S1113,val,1,val_features/S1113.csv,7b162bf3de8e90725fe956867a5b01a7
S1114,val,1,val_features/S1114.csv,a527abb85fcb244a4671aaaef03b1919
S1115,val,1,val_features/S1115.csv,b4a884975431247360f19e900297199d
S1116,val,1,val_features/S1116.csv,86a7ab7517b69448fd6eb6f518670c5b
S1117,val,,val_features/S1117.csv,82ad1a2c511290193697b4dc6baa131e
S1118,val,,val_features/S1118.csv,2125667ba387f06d20e644f2a612c8a0
S1119,val,1,val_features/S1119.csv,d8f27d84c0bf0a888ebf7cbb4f832624
S1120,val,,val_features/S1120.csv,6bed4722f14301197d499fc9c0a969ba